--
-- PostgreSQL database dump
--

-- Dumped from database version 17.0
-- Dumped by pg_dump version 17.0

SET statement_timeout = 0;
SET lock_timeout = 0;
SET idle_in_transaction_session_timeout = 0;
--SET transaction_timeout = 0;
SET client_encoding = 'UTF8';
SET standard_conforming_strings = on;
SELECT pg_catalog.set_config('search_path', '', false);
SET check_function_bodies = false;
SET xmloption = content;
SET client_min_messages = warning;
SET row_security = off;

--
-- Name: fill_missing_images(); Type: PROCEDURE; Schema: public; Owner: postgres
--

CREATE PROCEDURE public.fill_missing_images()
    LANGUAGE plpgsql
    AS $$
BEGIN
    -- Inserează imagini lipsă pentru produse fără nicio imagine
    INSERT INTO product_images (product_id, image_url)
    SELECT p1.id, MAX(pi2.image_url) AS image_url
    FROM products p1
             JOIN products p2 ON p1.name = p2.name AND p1.id <> p2.id
             JOIN product_images pi2 ON p2.id = pi2.product_id
             LEFT JOIN product_images pi1 ON p1.id = pi1.product_id
    WHERE pi2.image_url IS NOT NULL
      AND (pi1.id IS NULL)   -- produsul nu are nicio imagine
    GROUP BY p1.id;
END $$;


ALTER PROCEDURE public.fill_missing_images() OWNER TO postgres;

SET default_tablespace = '';

SET default_table_access_method = heap;

--
-- Name: brands; Type: TABLE; Schema: public; Owner: postgres
--

CREATE TABLE public.brands (
    id bigint NOT NULL,
    name character varying(255) NOT NULL
);


ALTER TABLE public.brands OWNER TO postgres;

--
-- Name: brands_id_seq; Type: SEQUENCE; Schema: public; Owner: postgres
--

ALTER TABLE public.brands ALTER COLUMN id ADD GENERATED BY DEFAULT AS IDENTITY (
    SEQUENCE NAME public.brands_id_seq
    START WITH 1
    INCREMENT BY 1
    NO MINVALUE
    NO MAXVALUE
    CACHE 1
);


--
-- Name: categories; Type: TABLE; Schema: public; Owner: postgres
--

CREATE TABLE public.categories (
    id bigint NOT NULL,
    name character varying(255),
    parent_id bigint
);


ALTER TABLE public.categories OWNER TO postgres;

--
-- Name: categories_id_seq; Type: SEQUENCE; Schema: public; Owner: postgres
--

ALTER TABLE public.categories ALTER COLUMN id ADD GENERATED BY DEFAULT AS IDENTITY (
    SEQUENCE NAME public.categories_id_seq
    START WITH 1
    INCREMENT BY 1
    NO MINVALUE
    NO MAXVALUE
    CACHE 1
);


--
-- Name: colors; Type: TABLE; Schema: public; Owner: postgres
--

CREATE TABLE public.colors (
    id bigint NOT NULL,
    name character varying(255),
    image_url character varying(255)
);


ALTER TABLE public.colors OWNER TO postgres;

--
-- Name: colors_id_seq; Type: SEQUENCE; Schema: public; Owner: postgres
--

ALTER TABLE public.colors ALTER COLUMN id ADD GENERATED BY DEFAULT AS IDENTITY (
    SEQUENCE NAME public.colors_id_seq
    START WITH 1
    INCREMENT BY 1
    NO MINVALUE
    NO MAXVALUE
    CACHE 1
);


--
-- Name: favorite_products; Type: TABLE; Schema: public; Owner: postgres
--

CREATE TABLE public.favorite_products (
    id bigint NOT NULL,
    client_id bigint,
    product_id bigint NOT NULL
);


ALTER TABLE public.favorite_products OWNER TO postgres;

--
-- Name: favorite_products_id_seq; Type: SEQUENCE; Schema: public; Owner: postgres
--

ALTER TABLE public.favorite_products ALTER COLUMN id ADD GENERATED BY DEFAULT AS IDENTITY (
    SEQUENCE NAME public.favorite_products_id_seq
    START WITH 1
    INCREMENT BY 1
    NO MINVALUE
    NO MAXVALUE
    CACHE 1
);


--
-- Name: product_images; Type: TABLE; Schema: public; Owner: postgres
--

CREATE TABLE public.product_images (
    id bigint NOT NULL,
    image_url character varying(255) NOT NULL,
    product_id bigint NOT NULL
);


ALTER TABLE public.product_images OWNER TO postgres;

--
-- Name: product_images_id_seq; Type: SEQUENCE; Schema: public; Owner: postgres
--

ALTER TABLE public.product_images ALTER COLUMN id ADD GENERATED BY DEFAULT AS IDENTITY (
    SEQUENCE NAME public.product_images_id_seq
    START WITH 1
    INCREMENT BY 1
    NO MINVALUE
    NO MAXVALUE
    CACHE 1
);


--
-- Name: products; Type: TABLE; Schema: public; Owner: postgres
--

CREATE TABLE public.products (
    id bigint NOT NULL,
    description character varying(255),
    gender character varying(255),
    name character varying(255),
    price double precision NOT NULL,
    stock integer NOT NULL,
    brand_id bigint NOT NULL,
    category_id bigint NOT NULL,
    color_id bigint,
    shade_id bigint,
    size_id bigint,
    discount_percent double precision,
    on_sale boolean DEFAULT false NOT NULL,
    discounted_price double precision,
    CONSTRAINT products_gender_check CHECK (((gender)::text = ANY ((ARRAY['MASCULIN'::character varying, 'FEMININ'::character varying, 'UNISEX'::character varying])::text[])))
);


ALTER TABLE public.products OWNER TO postgres;

--
-- Name: products_id_seq; Type: SEQUENCE; Schema: public; Owner: postgres
--

ALTER TABLE public.products ALTER COLUMN id ADD GENERATED BY DEFAULT AS IDENTITY (
    SEQUENCE NAME public.products_id_seq
    START WITH 1
    INCREMENT BY 1
    NO MINVALUE
    NO MAXVALUE
    CACHE 1
);


--
-- Name: shades; Type: TABLE; Schema: public; Owner: postgres
--

CREATE TABLE public.shades (
    id bigint NOT NULL,
    name character varying(255),
    image_url character varying(255)
);


ALTER TABLE public.shades OWNER TO postgres;

--
-- Name: shades_id_seq; Type: SEQUENCE; Schema: public; Owner: postgres
--

ALTER TABLE public.shades ALTER COLUMN id ADD GENERATED BY DEFAULT AS IDENTITY (
    SEQUENCE NAME public.shades_id_seq
    START WITH 1
    INCREMENT BY 1
    NO MINVALUE
    NO MAXVALUE
    CACHE 1
);


--
-- Name: sizes; Type: TABLE; Schema: public; Owner: postgres
--

CREATE TABLE public.sizes (
    id bigint NOT NULL,
    name character varying(255)
);


ALTER TABLE public.sizes OWNER TO postgres;

--
-- Name: sizes_id_seq; Type: SEQUENCE; Schema: public; Owner: postgres
--

ALTER TABLE public.sizes ALTER COLUMN id ADD GENERATED BY DEFAULT AS IDENTITY (
    SEQUENCE NAME public.sizes_id_seq
    START WITH 1
    INCREMENT BY 1
    NO MINVALUE
    NO MAXVALUE
    CACHE 1
);


--
-- Data for Name: brands; Type: TABLE DATA; Schema: public; Owner: postgres
--

COPY public.brands (id, name) FROM stdin;
1	Rare Beauty
2	Huda Beauty
3	Dior
4	Chanel
5	Fenty Beauty
6	Anastasia Beverly Hills
7	Too Faced
8	Benefit Cosmetics
9	NARS
10	Urban Decay
11	Make Up For Ever
12	Laura Mercier
13	Tarte Cosmetics
14	Charlotte Tilbury
15	Milk Makeup
16	Clinique
17	Lancôme
18	Estée Lauder
19	The Ordinary
20	Drunk Elephant
21	La Roche-Posay
22	CeraVe
23	Glow Recipe
24	LANEIGE
25	Missha
26	COSRX
27	Beauty of Joseon
28	Dr. Jart+
29	Yves Saint Laurent (YSL)
30	Tom Ford
31	Mugler
32	Calvin Klein
33	Jean Paul Gaultier
34	Burberry
35	KAYALI
36	Real Techniques
\.


--
-- Data for Name: categories; Type: TABLE DATA; Schema: public; Owner: postgres
--

COPY public.categories (id, name, parent_id) FROM stdin;
1	Makeup	\N
2	Face	1
3	Foundation	2
4	Concealer	2
5	Powder	2
6	Blush	2
7	Highlighter	2
10	Primer	2
11	Setting Spray	2
12	Eyes	1
13	Eyeshadow	12
15	False Eyelashes	12
16	Eyeliner	12
17	Eye Pencil	12
18	Eye Primer	12
19	Mascara	12
22	Bronzer	2
25	BB & CC Cream	2
26	Contour	2
27	Tinted Moisturizer	2
28	Brow	1
29	Brow Pencil & Powder	28
30	Brow Gel & Mascara	28
31	Brow Kits	28
32	Lips 	1
33	Lipstick 	32
34	Lip Gloss 	32
35	Lip Balm	32
36	Lip Liner	32
42	Makeup Accessories	1
50	Perfume	\N
51	Skin Care	\N
52	Face Cleansers	51
53	Exfoliators	51
54	Toners	51
55	Serums	51
56	Moisturizers	51
57	Anti-Aging Creams	51
58	SPF Creams	51
59	Night Creams	51
60	Face Masks	51
62	Eye Creams	51
66	Cleansing Balms & Oils	51
\.


--
-- Data for Name: colors; Type: TABLE DATA; Schema: public; Owner: postgres
--

COPY public.colors (id, name, image_url) FROM stdin;
\.


--
-- Data for Name: favorite_products; Type: TABLE DATA; Schema: public; Owner: postgres
--

COPY public.favorite_products (id, client_id, product_id) FROM stdin;
18	6	1
20	11	11
22	5	1
24	5	11
38	4	12
51	4	233
52	4	13
53	4	18
\.


--
-- Data for Name: product_images; Type: TABLE DATA; Schema: public; Owner: postgres
--

COPY public.product_images (id, image_url, product_id) FROM stdin;
1	rarebeauty_liquidtouchweightlessfoundation_1.avif	1
2	rarebeauty_liquidtouchweightlessfoundation_2.avif	1
3	rarebeauty_liquidtouchweightlessfoundation_3.avif	1
4	rarebeauty_liquidtouchweightlessfoundation_1.avif	2
5	rarebeauty_liquidtouchweightlessfoundation_2.avif	2
6	rarebeauty_liquidtouchweightlessfoundation_3.avif	2
7	rarebeauty_liquidtouchweightlessfoundation_1.avif	3
8	rarebeauty_liquidtouchweightlessfoundation_2.avif	3
9	rarebeauty_liquidtouchweightlessfoundation_3.avif	3
10	rarebeauty_liquidtouchweightlessfoundation_1.avif	4
11	rarebeauty_liquidtouchweightlessfoundation_2.avif	4
12	rarebeauty_liquidtouchweightlessfoundation_3.avif	4
13	rarebeauty_liquidtouchweightlessfoundation_1.avif	5
14	rarebeauty_liquidtouchweightlessfoundation_2.avif	5
15	rarebeauty_liquidtouchweightlessfoundation_3.avif	5
16	hudabeauty_fauxfilterfoundation_1.avif	6
17	hudabeauty_fauxfilterfoundation_2.avif	6
18	hudabeauty_fauxfilterfoundation_3.avif	6
19	hudabeauty_fauxfilterfoundation_1.avif	7
20	hudabeauty_fauxfilterfoundation_2.avif	7
21	hudabeauty_fauxfilterfoundation_3.avif	7
22	hudabeauty_fauxfilterfoundation_1.avif	8
23	hudabeauty_fauxfilterfoundation_2.avif	8
24	hudabeauty_fauxfilterfoundation_3.avif	8
25	hudabeauty_fauxfilterfoundation_1.avif	9
26	hudabeauty_fauxfilterfoundation_2.avif	9
27	hudabeauty_fauxfilterfoundation_3.avif	9
28	hudabeauty_fauxfilterfoundation_1.avif	10
29	hudabeauty_fauxfilterfoundation_2.avif	10
30	hudabeauty_fauxfilterfoundation_3.avif	10
31	rarebeauty_softpinchliquidblush_1.avif	11
32	rarebeauty_softpinchliquidblush_2.avif	11
33	rarebeauty_softpinchliquidblush_3.avif	11
34	rarebeauty_softpinchliquidblush_1.avif	12
35	rarebeauty_softpinchliquidblush_2.avif	12
36	rarebeauty_softpinchliquidblush_3.avif	12
37	hudabeauty_cheektintblushstick_1.avif	13
38	hudabeauty_cheektintblushstick_2.avif	13
39	hudabeauty_cheektintblushstick_3.avif	13
40	rarebeauty_kindwordsmattelipstick_1.avif	14
41	rarebeauty_kindwordsmattelipstick_2.avif	14
42	rarebeauty_kindwordsmattelipstick_3.avif	14
43	hudabeauty_powerbulletmattelipstick_1.avif	15
44	hudabeauty_powerbulletmattelipstick_2.avif	15
45	hudabeauty_powerbulletmattelipstick_3.avif	15
46	dior_foreverskinglow_1.avif	16
47	dior_foreverskinglow_2.avif	16
48	dior_foreverskinglow_3.avif	16
52	dior_foreverskinglow_1.avif	18
53	dior_foreverskinglow_2.avif	18
54	dior_foreverskinglow_3.avif	18
55	dior_foreverskinglow_1.avif	19
56	dior_foreverskinglow_2.avif	19
57	dior_foreverskinglow_3.avif	19
58	dior_foreverskinglow_1.avif	20
59	dior_foreverskinglow_2.avif	20
60	dior_foreverskinglow_3.avif	20
61	dior_foreverskinglow_1.avif	21
62	dior_foreverskinglow_2.avif	21
63	dior_foreverskinglow_3.avif	21
64	lancome_teintidole_1.avif	23
65	lancome_teintidole_2.avif	23
66	lancome_teintidole_3.avif	23
67	lancome_teintidole_1.avif	24
68	lancome_teintidole_2.avif	24
69	lancome_teintidole_3.avif	24
70	lancome_teintidole_1.avif	25
71	lancome_teintidole_2.avif	25
72	lancome_teintidole_3.avif	25
73	lancome_teintidole_1.avif	26
74	lancome_teintidole_2.avif	26
75	lancome_teintidole_3.avif	26
76	lancome_teintidole_1.avif	27
77	lancome_teintidole_2.avif	27
78	lancome_teintidole_3.avif	27
79	lancome_teintidole_1.avif	28
80	lancome_teintidole_2.avif	28
81	lancome_teintidole_3.avif	28
82	ysl_allhoursfoundation_1.avif	30
83	ysl_allhoursfoundation_2.avif	30
84	ysl_allhoursfoundation_1.avif	31
85	ysl_allhoursfoundation_2.avif	31
86	ysl_allhoursfoundation_1.avif	32
87	ysl_allhoursfoundation_2.avif	32
88	ysl_allhoursfoundation_1.avif	33
89	ysl_allhoursfoundation_2.avif	33
90	ysl_allhoursfoundation_1.avif	34
91	ysl_allhoursfoundation_2.avif	34
92	ysl_allhoursfoundation_1.avif	35
93	ysl_allhoursfoundation_2.avif	35
94	tarte_shapetape_1.avif	36
95	tarte_shapetape_2.avif	36
96	tarte_shapetape_3.avif	36
97	tarte_shapetape_4.avif	36
98	tarte_shapetape_1.avif	37
99	tarte_shapetape_2.avif	37
100	tarte_shapetape_3.avif	37
101	tarte_shapetape_4.avif	37
102	tarte_shapetape_1.avif	38
103	tarte_shapetape_2.avif	38
104	tarte_shapetape_3.avif	38
105	tarte_shapetape_4.avif	38
106	tarte_shapetape_1.avif	39
107	tarte_shapetape_2.avif	39
108	tarte_shapetape_3.avif	39
109	tarte_shapetape_4.avif	39
110	tarte_shapetape_1.avif	40
111	tarte_shapetape_2.avif	40
112	tarte_shapetape_3.avif	40
113	tarte_shapetape_4.avif	40
114	tarte_shapetape_1.avif	41
115	tarte_shapetape_2.avif	41
116	tarte_shapetape_3.avif	41
117	tarte_shapetape_4.avif	41
118	toofaced_bornthisway_1.avif	42
119	toofaced_bornthisway_2.avif	42
120	toofaced_bornthisway_3.avif	42
121	toofaced_bornthisway_1.avif	43
122	toofaced_bornthisway_2.avif	43
123	toofaced_bornthisway_3.avif	43
124	toofaced_bornthisway_1.avif	44
125	toofaced_bornthisway_2.avif	44
126	toofaced_bornthisway_3.avif	44
127	toofaced_bornthisway_1.avif	45
128	toofaced_bornthisway_2.avif	45
129	toofaced_bornthisway_3.avif	45
130	toofaced_bornthisway_1.avif	46
131	toofaced_bornthisway_2.avif	46
132	toofaced_bornthisway_3.avif	46
133	toofaced_bornthisway_1.avif	47
134	toofaced_bornthisway_2.avif	47
135	toofaced_bornthisway_3.avif	47
136	benefit_boiingcakeless_1.avif	49
137	benefit_boiingcakeless_2.avif	49
138	benefit_boiingcakeless_3.avif	49
139	benefit_boiingcakeless_1.avif	50
140	benefit_boiingcakeless_2.avif	50
141	benefit_boiingcakeless_3.avif	50
142	benefit_boiingcakeless_1.avif	51
143	benefit_boiingcakeless_2.avif	51
144	benefit_boiingcakeless_3.avif	51
145	benefit_boiingcakeless_1.avif	52
146	benefit_boiingcakeless_2.avif	52
147	benefit_boiingcakeless_3.avif	52
148	benefit_boiingcakeless_1.avif	53
149	benefit_boiingcakeless_2.avif	53
150	benefit_boiingcakeless_3.avif	53
151	benefit_boiingcakeless_1.avif	54
152	benefit_boiingcakeless_2.avif	54
153	benefit_boiingcakeless_3.avif	54
154	abh_magictouch_1.avif	55
155	abh_magictouch_2.avif	55
156	abh_magictouch_3.avif	55
157	abh_magictouch_1.avif	57
158	abh_magictouch_2.avif	57
159	abh_magictouch_3.avif	57
160	milk_hydrogrip_1.avif	62
161	milk_hydrogrip_2.avif	62
162	milk_hydrogrip_3.avif	62
163	benefit_porefessional_lite_1.avif	63
164	benefit_porefessional_lite_2.avif	63
165	lancome_fixitforgetit_1.avif	64
166	lancome_fixitforgetit_2.avif	64
167	lancome_fixitforgetit_3.avif	64
168	toofaced_chocolatesoleilstick_1 - Copy.avif	65
169	toofaced_chocolatesoleilstick_1.avif	65
170	toofaced_chocolatesoleilstick_2.avif	65
171	toofaced_chocolatesoleilpowder_1.avif	69
172	toofaced_chocolatesoleilpowder_2.avif	69
173	toofaced_chocolatesoleilpowder_3.avif	69
174	fenty_profiltrsettingpowder_1.avif	71
175	fenty_profiltrsettingpowder_2.avif	71
176	anastasia_miniloosesettingpowder_1.avif	78
177	rarebeauty_luminizer_enlighten_1.avif	79
178	rarebeauty_luminizer_enlighten_2.avif	79
179	rarebeauty_luminizer_enlighten_3.avif	79
180	lancome_lashidole_1.avif	84
181	lancome_lashidole_2.avif	84
182	lancome_lashidole_3.avif	84
183	lancome_lashidole_1.avif	84
184	lancome_lashidole_2.avif	84
185	lancome_lashidole_3.avif	84
186	lancome_lashidole_4.avif	84
187	ysl_volumeeffetfauxcils_1.avif	85
188	ysl_volumeeffetfauxcils_2.avif	85
189	tarte_lightscamera_1.avif	87
190	tarte_lightscamera_2.avif	87
191	sephora_icynude_1.avif	88
192	sephora_icynude_2.avif	88
193	sephora_icynude_3.avif	88
194	sephora_icynude_4.avif	88
195	tarte_toastedpalette_1.avif	89
196	tarte_toastedpalette_2.avif	89
197	tarte_toastedpalette_3.avif	89
198	ct_glowgasm_nudegasm_1.avif	90
199	ct_glowgasm_nudegasm_2.avif	90
200	ct_glowgasm_nudegasm_3.avif	90
201	ct_contourwand_lightmedium_1.avif	91
202	ct_contourwand_lightmedium_2.avif	91
203	ct_contourwand_lightmedium_3avif.webp	91
204	ct_contourwand_lightmedium_4.avif	91
209	ct_contourwand_lightmedium_1.avif	97
210	ct_contourwand_lightmedium_2.avif	97
211	ct_contourwand_lightmedium_3avif.webp	97
212	ct_contourwand_lightmedium_4.avif	97
213	duo_falseeyelashadhesive_1.avif	100
214	duo_falseeyelashadhesive_2.avif	100
215	hudabeauty_hoodieslash22_1.avif	101
216	hudabeauty_hoodieslash22_2.avif	101
217	benefit_rollerliner_black_1.avif	102
218	benefit_rollerliner_black_2.avif	102
219	benefit_rollerliner_black_3.avif	102
220	makeupforever_aquaresist_1.avif	104
221	makeupforever_aquaresist_2.avif	104
222	makeupforever_aquaresist_3.avif	104
223	makeupforever_artistpencil_1.avif	107
224	makeupforever_artistpencil_2.avif	107
225	urbandecay_allnighter_1.avif	110
226	urbandecay_allnighter_2.avif	110
227	urbandecay_allnighter_3.avif	110
228	urbandecay_primerpotion_1.avif	111
229	urbandecay_primerpotion_2.avif	111
230	urbandecay_primerpotion_3.avif	111
231	nars_lightreflectingpowder_1.avif	113
232	nars_lightreflectingpowder_2.avif	113
233	clinique_bbgel_1.avif	114
234	clinique_bbgel_2.avif	114
235	missha_perfectcover_1.avif	115
236	fenty_matchstix_1.avif	116
237	fenty_matchstix_2.avif	116
238	fenty_matchstix_3.avif	116
239	tarte_sculpptape_1.avif	120
240	tarte_sculpptape_2.avif	120
241	fenty_eazedrop_1.avif	122
242	fenty_eazedrop_2.avif	122
243	fenty_eazedrop_3.avif	122
247	fenty_eazedrop_1.avif	128
248	fenty_eazedrop_2.avif	128
249	fenty_eazedrop_3.avif	128
250	hudabeauty_glowish_1.avif	132
251	hudabeauty_glowish_2.avif	132
252	hudabeauty_glowish_3.avif	132
253	benefit_goofproof_1.avif	138
254	benefit_goofproof_2.avif	138
255	benefit_goofproof_3.avif	138
256	abh_browdefiner_1.avif	142
257	abh_browdefiner_2.avif	142
258	abh_browdefiner_3.avif	142
259	dior_browstyler_1.avif	146
260	dior_browstyler_2.avif	146
261	dior_browstyler_3.avif	146
262	abh_browpowderduo_1.avif	150
263	abh_browpowderduo_2.avif	150
264	abh_browpowderduo_3.avif	150
271	abh_browpowderduo_1.avif	154
272	abh_browpowderduo_2.avif	154
273	abh_browpowderduo_3.avif	154
274	benefit_gimmebrow_1.avif	156
275	benefit_gimmebrow_2.avif	156
276	lauramercier_translucentpowder_1.avif	159
277	lauramercier_translucentpowder_2.avif	159
278	abh_dipbrow_1.avif	160
279	abh_dipbrow_2.avif	160
280	abh_dipbrow_3.avif	160
281	benefit_browhauloffame_1.avif	164
282	rarebeauty_kindwordsmattelipstick_1.avif	168
283	rarebeauty_kindwordsmattelipstick_2.avif	168
284	rarebeauty_kindwordsmattelipstick_3.avif	168
285	hudabeauty_powerbulletmattelipstick_1.avif	175
286	hudabeauty_powerbulletmattelipstick_2.avif	175
287	hudabeauty_powerbulletmattelipstick_3.avif	175
288	dior_rougeforever_1.avif	181
289	dior_rougeforever_2.avif	181
290	dior_rougeforever_3.avif	181
291	dior_lipmaximizer_1.avif	188
292	dior_lipmaximizer_2.avif	188
293	dior_lipmaximizer_1.avif	191
294	dior_lipmaximizer_2.avif	191
295	fenty_glossbombcream_1.avif	193
296	fenty_glossbombcream_2.avif	193
297	fenty_glossbombcream_3.avif	193
298	ysl_loveshine_1.avif	198
299	ysl_loveshine_2.avif	198
300	ysl_loveshine_3.avif	198
301	clinique_blackhoney_1.avif	205
302	clinique_blackhoney_2.avif	205
303	charlottetilbury_lipcheat_1.avif	206
304	nars_precisionlipliner_1.avif	214
305	nars_precisionlipliner_2.avif	214
306	hudabeauty_powderpuff_1.avif	222
307	mufe_watertone_sponge_1.avif	223
308	realtechniques_aunaturale_1.avif	224
309	realtechniques_everydayessentials_1.avif	225
310	kayali_yum_boujee_1.jpg	226
311	kayali_yum_boujee_2.jpg	226
312	kayali_yum_boujee_3.jpg	226
313	missdior_eaudeparfum_1.avif	228
314	missdior_eaudeparfum_3.avif	228
315	sauvage_eaudeparfum_1.avif	231
316	sauvage_eaudeparfum_2.avif	231
317	chanel5_elegantgold.avif	235
318	bleudechanel_eaudeparfum_1.avif	238
319	lavieestbelle_eaudeparfum_1.avif	241
320	myslf_eaudeparfum_1.avif	244
321	libre_eaudeparfum_1.avif	246
322	tobaccovanille_ambertobacco.avif	249
323	lostcherry_eaudeparfum_1.avif	252
324	bitterpeach_eaudeparfum_1.avif	255
325	alien_mysticpurple.avif	258
326	amenfantasm_eaudeparfum_1.avif	261
327	euphoria_eaudeparfum_1.avif	264
328	eternity_aromatic_1.avif	267
329	scandalintense_eaudeparfum_1.avif	270
330	scandal_eaudeparfum_1.avif	273
331	burberrygoddess_eaudeparfum_1.avif	276
332	burberrygoddess_eaudeparfum_2.avif	276
333	burberrylondon_eaudeparfum_1.avif	279
334	burberryhero_eaudeparfum_1.avif	281
335	kayalivanilla_eaudeparfum_1.avif	282
336	kayalivanilla_eaudeparfum_2.avif	282
337	lovefest_eaudeparfum_1.avif	284
338	lovefest_eaudeparfum_2.avif	284
343	blackhead-clinique.avif	288
344	blackhead-clinique2.avif	288
345	all-about-clean.avif	289
346	all-about-clean2.avif	289
347	rinse-off-foaming-cleanser.avif	290
348	rinse-off-foaming-cleanser2.avif	290
349	erave-foaming-cleanser.avif	291
350	erave-foaming-cleanser2.avif	291
351	cerave-hydrating-cleanser.avif	293
352	cerave-hydrating-cleanser2.avif	293
353	effaclar-purifying-gel.avif	295
354	effaclar-purifying-gel2.avif	295
355	apricot-peeling-gel.avif	296
356	clinique-exfoliating-scrub.avif	297
357	glycolic-acid-toner.avif	298
358	green-plum-toner.avif	301
359	ginseng-essence-water.avif	302
360	effaclar-astringent-toner.avif	303
361	effaclar-astringent-toner2.avif	303
362	effaclar-astringent-toner3.avif	303
363	watermelon-glow-toner.avif	304
364	watermelon-glow-toner2.avif	304
365	watermelon-glow-toner3.avif	304
366	watermelon-dew-drops.avif	305
367	watermelon-dew-drops2.avif	305
368	watermelon-dew-drops-niacinamide.avif	306
369	watermelon-dew-drops-niacinamide2.avif	306
370	plum-plump-serum.avif	307
371	plum-plump-serum2.avif	307
372	plum-plump-cream.avif	308
373	plum-plump-cream2.avif	308
374	watermelon-aha-night-treatment.avif	309
375	watermelon-aha-night-treatment2.avif	309
376	watermelon-glow-spf30.avif	310
377	clinique_moisture_surge.png	311
378	clinique_moisture_surge2.png	311
379	smart_clinical_repair.avif	312
380	smart_clinical_repair2.avif	312
381	all_about_eyes_brightening2.avif	313
382	all-about-clean.avif	313
383	dramatically_different_moisturizing_lotion.avif	314
384	dramatically_different_moisturizing_lotion2.avif	314
385	clinique_for_men_spf40.avif	316
386	clinique_for_men_age_defense_eyes.avif	317
387	moisturizing_lotion_fluide_hydratant.avif	318
388	advanced_night_repair_serum.avif	319
389	advanced_night_repair_serum2.avif	319
390	advanced_night_repair_serum3.avif	319
391	dynasty_cream.avif	321
392	dynasty_cream2.avif	321
393	revitalizing_supreme_plus2.avif	322
394	revitalizing_supreme_plus.avif	322
395	multi_peptide_ha_serum.avif	323
396	hyaluronic_acid_2_b5.avif	324
397	alpha_arbutin_2_ha.avif	325
398	aha_bha_peeling_solution.avif	326
399	aha_bha_peeling_solution1.avif	326
400	retinal_emulsion_0_2.avif	327
401	bouncy_firm_sleeping_mask.avif	328
402	water_sleeping_mask.avif	329
403	lipikar_ap_plus_oil_cleanser.avif	331
404	ginseng_cleansing_oil.avif	332
405	dior_foreverskinglow_3.avif	22
406	toofaced_bornthisway_3.avif	48
407	abh_magictouch_3.avif	56
408	abh_magictouch_3.avif	58
409	abh_magictouch_3.avif	59
410	abh_magictouch_3.avif	60
411	abh_magictouch_3.avif	61
412	toofaced_chocolatesoleilstick_2.avif	66
413	toofaced_chocolatesoleilstick_2.avif	67
414	toofaced_chocolatesoleilstick_2.avif	68
415	toofaced_chocolatesoleilpowder_3.avif	70
416	fenty_profiltrsettingpowder_2.avif	72
417	fenty_profiltrsettingpowder_2.avif	73
418	fenty_profiltrsettingpowder_2.avif	74
419	fenty_profiltrsettingpowder_2.avif	75
420	fenty_profiltrsettingpowder_2.avif	76
421	fenty_profiltrsettingpowder_2.avif	77
422	rarebeauty_luminizer_enlighten_3.avif	80
423	rarebeauty_luminizer_enlighten_3.avif	81
424	rarebeauty_luminizer_enlighten_3.avif	82
425	rarebeauty_luminizer_enlighten_3.avif	83
426	ysl_volumeeffetfauxcils_2.avif	86
427	ct_contourwand_lightmedium_4.avif	98
428	ct_contourwand_lightmedium_4.avif	99
429	benefit_rollerliner_black_3.avif	103
430	makeupforever_aquaresist_3.avif	105
431	makeupforever_aquaresist_3.avif	106
432	makeupforever_artistpencil_2.avif	108
433	makeupforever_artistpencil_2.avif	109
434	fenty_matchstix_3.avif	117
435	fenty_matchstix_3.avif	118
436	fenty_matchstix_3.avif	119
437	tarte_sculpptape_2.avif	121
438	fenty_eazedrop_3.avif	129
439	fenty_eazedrop_3.avif	130
440	fenty_eazedrop_3.avif	131
441	hudabeauty_glowish_3.avif	133
442	hudabeauty_glowish_3.avif	134
443	hudabeauty_glowish_3.avif	135
444	hudabeauty_glowish_3.avif	136
445	hudabeauty_glowish_3.avif	137
446	benefit_goofproof_3.avif	139
447	benefit_goofproof_3.avif	140
448	benefit_goofproof_3.avif	141
449	abh_browdefiner_3.avif	143
450	abh_browdefiner_3.avif	144
451	abh_browdefiner_3.avif	145
452	dior_browstyler_3.avif	147
453	dior_browstyler_3.avif	148
454	dior_browstyler_3.avif	149
455	abh_browpowderduo_3.avif	155
456	benefit_gimmebrow_2.avif	157
457	benefit_gimmebrow_2.avif	158
458	abh_dipbrow_3.avif	161
459	abh_dipbrow_3.avif	162
460	abh_dipbrow_3.avif	163
461	benefit_browhauloffame_1.avif	165
462	benefit_browhauloffame_1.avif	166
463	benefit_browhauloffame_1.avif	167
464	rarebeauty_kindwordsmattelipstick_3.avif	169
465	rarebeauty_kindwordsmattelipstick_3.avif	170
466	rarebeauty_kindwordsmattelipstick_3.avif	171
467	rarebeauty_kindwordsmattelipstick_3.avif	172
468	rarebeauty_kindwordsmattelipstick_3.avif	173
469	rarebeauty_kindwordsmattelipstick_3.avif	174
470	hudabeauty_powerbulletmattelipstick_3.avif	176
471	hudabeauty_powerbulletmattelipstick_3.avif	177
472	hudabeauty_powerbulletmattelipstick_3.avif	178
473	hudabeauty_powerbulletmattelipstick_3.avif	179
474	hudabeauty_powerbulletmattelipstick_3.avif	180
475	dior_rougeforever_3.avif	182
476	dior_rougeforever_3.avif	183
477	dior_rougeforever_3.avif	184
478	dior_rougeforever_3.avif	185
479	dior_rougeforever_3.avif	186
480	dior_rougeforever_3.avif	187
481	dior_lipmaximizer_2.avif	189
482	dior_lipmaximizer_2.avif	190
483	dior_lipmaximizer_2.avif	192
484	fenty_glossbombcream_3.avif	194
485	fenty_glossbombcream_3.avif	195
486	fenty_glossbombcream_3.avif	196
487	fenty_glossbombcream_3.avif	197
488	ysl_loveshine_3.avif	199
489	ysl_loveshine_3.avif	200
490	ysl_loveshine_3.avif	201
491	ysl_loveshine_3.avif	202
492	ysl_loveshine_3.avif	203
493	charlottetilbury_lipcheat_1.avif	207
494	charlottetilbury_lipcheat_1.avif	208
495	charlottetilbury_lipcheat_1.avif	209
496	charlottetilbury_lipcheat_1.avif	210
497	charlottetilbury_lipcheat_1.avif	211
498	charlottetilbury_lipcheat_1.avif	212
499	charlottetilbury_lipcheat_1.avif	213
500	nars_precisionlipliner_2.avif	215
501	nars_precisionlipliner_2.avif	216
502	nars_precisionlipliner_2.avif	217
503	nars_precisionlipliner_2.avif	218
504	nars_precisionlipliner_2.avif	219
505	nars_precisionlipliner_2.avif	220
506	nars_precisionlipliner_2.avif	221
507	kayali_yum_boujee_3.jpg	227
508	missdior_eaudeparfum_3.avif	229
509	missdior_eaudeparfum_3.avif	230
510	sauvage_eaudeparfum_2.avif	232
511	sauvage_eaudeparfum_2.avif	233
512	chanel5_elegantgold.avif	236
513	chanel5_elegantgold.avif	237
514	bleudechanel_eaudeparfum_1.avif	239
515	bleudechanel_eaudeparfum_1.avif	240
516	lavieestbelle_eaudeparfum_1.avif	242
517	lavieestbelle_eaudeparfum_1.avif	243
518	myslf_eaudeparfum_1.avif	245
519	libre_eaudeparfum_1.avif	247
520	libre_eaudeparfum_1.avif	248
521	tobaccovanille_ambertobacco.avif	250
522	tobaccovanille_ambertobacco.avif	251
523	lostcherry_eaudeparfum_1.avif	253
524	lostcherry_eaudeparfum_1.avif	254
525	bitterpeach_eaudeparfum_1.avif	256
526	bitterpeach_eaudeparfum_1.avif	257
527	alien_mysticpurple.avif	259
528	alien_mysticpurple.avif	260
529	amenfantasm_eaudeparfum_1.avif	262
530	amenfantasm_eaudeparfum_1.avif	263
531	euphoria_eaudeparfum_1.avif	265
532	euphoria_eaudeparfum_1.avif	266
533	eternity_aromatic_1.avif	268
534	eternity_aromatic_1.avif	269
535	scandalintense_eaudeparfum_1.avif	271
536	scandalintense_eaudeparfum_1.avif	272
537	scandal_eaudeparfum_1.avif	274
538	scandal_eaudeparfum_1.avif	275
539	burberrygoddess_eaudeparfum_2.avif	277
540	burberrygoddess_eaudeparfum_2.avif	278
541	burberrylondon_eaudeparfum_1.avif	280
542	kayalivanilla_eaudeparfum_2.avif	283
543	lovefest_eaudeparfum_2.avif	285
544	erave-foaming-cleanser2.avif	292
545	cerave-hydrating-cleanser2.avif	294
546	glycolic-acid-toner.avif	300
547	dramatically_different_moisturizing_lotion2.avif	315
548	advanced_night_repair_serum3.avif	320
\.


--
-- Data for Name: products; Type: TABLE DATA; Schema: public; Owner: postgres
--

COPY public.products (id, description, gender, name, price, stock, brand_id, category_id, color_id, shade_id, size_id, discount_percent, on_sale, discounted_price) FROM stdin;
13	A blendable cream blush stick.	FEMININ	Cheek Tint Blush Stick	22.99	0	2	6	\N	8	\N	30	t	16.093
5	A lightweight foundation with buildable coverage.	FEMININ	Liquid Touch Weightless Foundation	33.99	53	1	3	\N	5	\N	10	t	30.591
2	A lightweight foundation with buildable coverage.	FEMININ	Liquid Touch Weightless Foundation	30.49	0	1	3	\N	2	\N	10	t	27.441
14	A hydrating matte lipstick for soft lips.	FEMININ	Kind Words Matte Lipstick	20	88	1	33	\N	18	\N	0	f	\N
3	A lightweight foundation with buildable coverage.	FEMININ	Liquid Touch Weightless Foundation	31.99	37	1	3	\N	3	\N	10	t	28.790999999999997
11	A long-lasting, natural finish liquid blush.	FEMININ	Soft Pinch Liquid Blush	23.99	0	1	6	\N	6	\N	0	f	\N
4	A lightweight foundation with buildable coverage.	FEMININ	Liquid Touch Weightless Foundation	32.49	44	1	3	\N	4	\N	10	t	29.241
12	A long-lasting, natural finish liquid blush.	FEMININ	Soft Pinch Liquid Blush	23.99	58	1	6	\N	7	\N	0	f	\N
1	A lightweight foundation with buildable coverage.	FEMININ	Liquid Touch Weightless Foundation	29.99	36	1	3	\N	1	\N	10	t	26.991
21	A radiant foundation offering 24-hour hydration and medium-to-full coverage.	FEMININ	Dior Forever Skin Glow Foundation	47.99	39	3	3	\N	36	\N	10	t	43.191
41	Full-coverage, long-lasting concealer for a flawless matte finish.	FEMININ	Shape Tape Concealer	31.99	44	13	4	\N	2	\N	\N	f	\N
10	A full-coverage, long-lasting foundation with a flawless finish.	FEMININ	FauxFilter Foundation	36.99	60	2	3	\N	5	\N	10	t	33.291000000000004
23	A long-wear, full coverage foundation with a natural matte finish and breathable texture.	FEMININ	Lancôme Teint Idole Ultra Wear Foundation	44.99	36	17	3	\N	64	\N	10	t	40.491
39	Full-coverage, long-lasting concealer for a flawless matte finish.	FEMININ	Shape Tape Concealer	31.99	44	13	4	\N	47	\N	\N	f	\N
37	Full-coverage, long-lasting concealer for a flawless matte finish.	FEMININ	Shape Tape Concealer	31.99	45	13	4	\N	11	\N	\N	f	\N
22	A radiant foundation offering 24-hour hydration and medium-to-full coverage.	FEMININ	Dior Forever Skin Glow Foundation	47.99	39	3	3	\N	11	\N	10	t	43.191
31	A breathable liquid foundation with up to 24H full coverage and luminous matte finish	FEMININ	All Hours Foundation	53.99	40	29	3	\N	64	\N	\N	f	\N
42	A full-coverage, hydrating concealer that can be used to conceal, contour, highlight, and retouch the skin.	FEMININ	Born This Way Multi-Use Sculpting Concealer	34.99	66	7	4	\N	63	\N	\N	f	\N
43	A full-coverage, hydrating concealer that can be used to conceal, contour, highlight, and retouch the skin.	FEMININ	Born This Way Multi-Use Sculpting Concealer	34.99	66	7	4	\N	4	\N	\N	f	\N
25	A long-wear, full coverage foundation with a natural matte finish and breathable texture.	FEMININ	Lancôme Teint Idole Ultra Wear Foundation	44.99	40	17	3	\N	12	\N	10	t	40.491
35	A breathable liquid foundation with up to 24H full coverage and luminous matte finish.	FEMININ	All Hours Foundation	53.99	39	29	3	\N	61	\N	\N	f	\N
7	A full-coverage, long-lasting foundation with a flawless finish.	FEMININ	FauxFilter Foundation	35.49	45	2	3	\N	2	\N	10	t	31.941000000000003
8	A full-coverage, long-lasting foundation with a flawless finish.	FEMININ	FauxFilter Foundation	35.99	40	2	3	\N	3	\N	10	t	32.391000000000005
6	A full-coverage, long-lasting foundation with a flawless finish.	FEMININ	FauxFilter Foundation	34.99	50	2	3	\N	1	\N	10	t	31.491
38	Full-coverage, long-lasting concealer for a flawless matte finish.	FEMININ	Shape Tape Concealer	31.99	44	13	4	\N	3	\N	\N	f	\N
36	Full-coverage, long-lasting concealer for a flawless matte finish.	FEMININ	Shape Tape Concealer	31.99	44	13	4	\N	1	\N	\N	f	\N
9	A full-coverage, long-lasting foundation with a flawless finish.	FEMININ	FauxFilter Foundation	36.49	55	2	3	\N	4	\N	10	t	32.841
27	A long-wear, full coverage foundation with a natural matte finish and breathable texture.	FEMININ	Lancôme Teint Idole Ultra Wear Foundation	44.99	36	17	3	\N	28	\N	10	t	40.491
32	A breathable liquid foundation with up to 24H full coverage and luminous matte finish.	FEMININ	All Hours Foundation	53.99	40	29	3	\N	12	\N	\N	f	\N
33	A breathable liquid foundation with up to 24H full coverage and luminous matte finish.	FEMININ	All Hours Foundation	53.99	40	29	3	\N	3	\N	\N	f	\N
18	A radiant foundation offering 24-hour hydration and medium-to-full coverage.	FEMININ	Dior Forever Skin Glow Foundation	47.99	37	3	3	\N	63	\N	10	t	43.191
44	A full-coverage, hydrating concealer that can be used to conceal, contour, highlight, and retouch the skin.	FEMININ	Born This Way Multi-Use Sculpting Concealer	34.99	66	7	4	\N	1	\N	\N	f	\N
45	A full-coverage, hydrating concealer that can be used to conceal, contour, highlight, and retouch the skin.	FEMININ	Born This Way Multi-Use Sculpting Concealer	34.99	66	7	4	\N	3	\N	\N	f	\N
46	A full-coverage, hydrating concealer that can be used to conceal, contour, highlight, and retouch the skin.	FEMININ	Born This Way Multi-Use Sculpting Concealer	34.99	66	7	4	\N	66	\N	\N	f	\N
47	A full-coverage, hydrating concealer that can be used to conceal, contour, highlight, and retouch the skin.	FEMININ	Born This Way Multi-Use Sculpting Concealer	34.99	65	7	4	\N	26	\N	\N	f	\N
28	A long-wear, full coverage foundation with a natural matte finish and breathable texture.	FEMININ	Lancôme Teint Idole Ultra Wear Foundation	44.99	39	17	3	\N	70	\N	10	t	40.491
15	A highly-pigmented, long-lasting matte lipstick.	FEMININ	Power Bullet Matte Lipstick	21.99	83	2	33	\N	19	\N	0	f	\N
19	A radiant foundation offering 24-hour hydration and medium-to-full coverage.	FEMININ	Dior Forever Skin Glow Foundation	47.99	39	3	3	\N	21	\N	10	t	43.191
20	A radiant foundation offering 24-hour hydration and medium-to-full coverage.	FEMININ	Dior Forever Skin Glow Foundation	47.99	37	3	3	\N	22	\N	10	t	43.191
48	A full-coverage, hydrating concealer that can be used to conceal, contour, highlight, and retouch the skin.	FEMININ	Born This Way Multi-Use Sculpting Concealer	34.99	66	7	4	\N	14	\N	\N	f	\N
49	A full-coverage liquid concealer that hides dark circles and blemishes without caking or cracking.	FEMININ	Boi-ing Cakeless Concealer	27.5	54	8	4	\N	64	\N	\N	f	\N
53	A full-coverage liquid concealer that hides dark circles and blemishes without caking or cracking.	FEMININ	Boi-ing Cakeless Concealer	27.5	54	8	4	\N	67	\N	\N	f	\N
50	A full-coverage liquid concealer that hides dark circles and blemishes without caking or cracking.	FEMININ	Boi-ing Cakeless Concealer	27.5	54	8	4	\N	4	\N	\N	f	\N
51	A full-coverage liquid concealer that hides dark circles and blemishes without caking or cracking.	FEMININ	Boi-ing Cakeless Concealer	27.5	54	8	4	\N	1	\N	\N	f	\N
52	A full-coverage liquid concealer that hides dark circles and blemishes without caking or cracking.	FEMININ	Boi-ing Cakeless Concealer	27.5	54	8	4	\N	17	\N	\N	f	\N
54	A full-coverage liquid concealer that hides dark circles and blemishes without caking or cracking.	FEMININ	Boi-ing Cakeless Concealer	27.5	54	8	4	\N	63	\N	\N	f	\N
57	A lightweight, full-coverage liquid concealer that corrects, brightens, and blurs imperfections while delivering a natural finish.	FEMININ	Magic Touch Concealer	34	54	6	4	\N	12	\N	\N	f	\N
60	A lightweight, full-coverage liquid concealer that corrects, brightens, and blurs imperfections while delivering a natural finish.	FEMININ	Magic Touch Concealer	34	54	6	4	\N	21	\N	\N	f	\N
55	A lightweight, full-coverage liquid concealer that corrects, brightens, and blurs imperfections while delivering a natural finish.	FEMININ	Magic Touch Concealer	34	54	6	4	\N	63	\N	\N	f	\N
56	A lightweight, full-coverage liquid concealer that corrects, brightens, and blurs imperfections while delivering a natural finish.	FEMININ	Magic Touch Concealer	34	54	6	4	\N	1	\N	\N	f	\N
58	A lightweight, full-coverage liquid concealer that corrects, brightens, and blurs imperfections while delivering a natural finish.	FEMININ	Magic Touch Concealer	34	54	6	4	\N	5	\N	\N	f	\N
59	A lightweight, full-coverage liquid concealer that corrects, brightens, and blurs imperfections while delivering a natural finish.	FEMININ	Magic Touch Concealer	34	54	6	4	\N	25	\N	\N	f	\N
61	A lightweight, full-coverage liquid concealer that corrects, brightens, and blurs imperfections while delivering a natural finish.	FEMININ	Magic Touch Concealer	34	54	6	4	\N	3	\N	\N	f	\N
62	An award-winning, hydrating makeup primer that grips makeup for long-lasting wear while nourishing the skin.	FEMININ	Hydro Grip Primer	39.99	100	15	10	\N	\N	\N	\N	f	\N
63	An ultra-lightweight face primer that helps minimize the look of pores and leaves skin feeling refreshed and smooth. Ideal for combination to oily skin types.	FEMININ	The POREfessional Lite Primer	25	100	8	11	\N	\N	\N	\N	f	\N
64	A lightweight, hydrating makeup setting spray that locks in makeup for up to 24 hours without melting, fading, or settling into fine lines.	FEMININ	Fix It Forget It Setting Spray	31	100	17	11	\N	\N	\N	\N	f	\N
65	A creamy, blendable bronzer stick with a natural matte finish that adds warmth and definition to your face. Infused with cocoa powder for a delicious scent.	FEMININ	Chocolate Soleil Stick Creamy Bronzer	35	100	7	22	\N	27	\N	\N	f	\N
66	A creamy, blendable bronzer stick with a natural matte finish that adds warmth and definition to your face. Infused with cocoa powder for a delicious scent.	FEMININ	Chocolate Soleil Stick Creamy Bronzer	35	100	7	22	\N	22	\N	\N	f	\N
68	A creamy, blendable bronzer stick with a natural matte finish that adds warmth and definition to your face. Infused with cocoa powder for a delicious scent.	FEMININ	Chocolate Soleil Stick Creamy Bronzer	35	100	7	22	\N	17	\N	\N	f	\N
69	A long-wearing matte bronzing powder infused with 100% real cocoa powder for a natural sun-kissed finish and delicious scent.	FEMININ	Chocolate Soleil Bronzer	38	100	7	22	\N	17	\N	\N	f	\N
70	A long-wearing matte bronzing powder infused with 100% real cocoa powder for a natural sun-kissed finish and delicious scent.	FEMININ	Chocolate Soleil Bronzer	38	100	7	22	\N	16	\N	\N	f	\N
71	A superfine, weightless loose setting powder in eight sheer shades to perfect and extend makeup wear for a filtered, photo-ready finish.	FEMININ	Pro Filt’r Instant Retouch Setting Powder	39	100	5	5	\N	62	\N	\N	f	\N
72	A superfine, weightless loose setting powder in eight sheer shades to perfect and extend makeup wear for a filtered, photo-ready finish.	FEMININ	Pro Filt’r Instant Retouch Setting Powder	39	100	5	5	\N	41	\N	\N	f	\N
73	A superfine, weightless loose setting powder in eight sheer shades to perfect and extend makeup wear for a filtered, photo-ready finish.	FEMININ	Pro Filt’r Instant Retouch Setting Powder	39	100	5	5	\N	21	\N	\N	f	\N
74	A superfine, weightless loose setting powder in eight sheer shades to perfect and extend makeup wear for a filtered, photo-ready finish.	FEMININ	Pro Filt’r Instant Retouch Setting Powder	39	100	5	5	\N	1	\N	\N	f	\N
75	A superfine, weightless loose setting powder in eight sheer shades to perfect and extend makeup wear for a filtered, photo-ready finish.	FEMININ	Pro Filt’r Instant Retouch Setting Powder	39	100	5	5	\N	3	\N	\N	f	\N
76	A superfine, weightless loose setting powder in eight sheer shades to perfect and extend makeup wear for a filtered, photo-ready finish.	FEMININ	Pro Filt’r Instant Retouch Setting Powder	39	100	5	5	\N	56	\N	\N	f	\N
77	A superfine, weightless loose setting powder in eight sheer shades to perfect and extend makeup wear for a filtered, photo-ready finish.	FEMININ	Pro Filt’r Instant Retouch Setting Powder	39	100	5	5	\N	67	\N	\N	f	\N
78	A lightweight, easy-to-use, finely milled loose powder in a travel-size version that sets makeup with a matte, airbrushed finish.	FEMININ	Mini Loose Setting Powder	22	100	6	5	\N	41	\N	\N	f	\N
79	A silky, second-skin liquid highlighter that creates a lasting, soft, and luminous finish.	FEMININ	Positive Light Liquid Luminizer	27	100	1	7	\N	40	\N	\N	f	\N
80	A silky, second-skin liquid highlighter that creates a lasting, soft, and luminous finish.	FEMININ	Positive Light Liquid Luminizer	27	100	1	7	\N	7	\N	\N	f	\N
81	A silky, second-skin liquid highlighter that creates a lasting, soft, and luminous finish.	FEMININ	Positive Light Liquid Luminizer	27	100	1	7	\N	24	\N	\N	f	\N
82	A silky, second-skin liquid highlighter that creates a lasting, soft, and luminous finish.	FEMININ	Positive Light Liquid Luminizer	27	100	1	7	\N	15	\N	\N	f	\N
83	A silky, second-skin liquid highlighter that creates a lasting, soft, and luminous finish.	FEMININ	Positive Light Liquid Luminizer	27	100	1	7	\N	44	\N	\N	f	\N
84	A volumizing mascara that lifts and fans out lashes for a wide-eyed look, without clumps.	FEMININ	Lash Idôle Mascara	32	100	17	19	\N	72	\N	\N	f	\N
86	A luxurious mascara that gives lashes intense volume, length, and dramatic curl, for a false-lash effect in a single stroke.	FEMININ	Mascara Volume Effet Faux Cils	36.5	99	29	19	\N	75	\N	\N	f	\N
85	A luxurious mascara that gives lashes intense volume, length, and dramatic curl, for a false-lash effect in a single stroke.	FEMININ	Mascara Volume Effet Faux Cils	36.5	98	29	19	\N	72	\N	\N	f	\N
88	A cool-toned palette with 5 shimmering and matte eyeshadows, perfect for creating frosty nude looks.	FEMININ	Icy Nude Eyeshadow Palette	42	98	2	13	\N	\N	\N	\N	f	\N
89	A warm-toned eyeshadow palette with 12 highly pigmented matte and shimmer shades inspired by sunsets.	FEMININ	Tartelette Toasted Eyeshadow Palette	51	99	13	13	\N	\N	\N	\N	f	\N
90	A 4-in-1 face palette featuring a bronzer, highlighter, and blush for a radiant, sculpted glow.	FEMININ	Glowgasm Face Palette - Nudegasm	48	99	14	13	\N	\N	\N	\N	f	\N
91	A lightweight, blendable contour wand that delivers a natural-looking sculpted finish for light to medium skin tones.	FEMININ	Hollywood Contour Wand - Light to Medium	42	99	14	22	\N	60	\N	\N	f	\N
97	A lightweight, blendable contour wand that delivers a natural-looking sculpted finish for light to medium skin tones.	FEMININ	Hollywood Contour Wand - Light to Medium	42	100	14	22	\N	27	\N	\N	f	\N
98	A lightweight, blendable contour wand that delivers a natural-looking sculpted finish for light to medium skin tones.	FEMININ	Hollywood Contour Wand - Light to Medium	42	100	14	22	\N	28	\N	\N	f	\N
99	A lightweight, blendable contour wand that delivers a natural-looking sculpted finish for light to medium skin tones.	FEMININ	Hollywood Contour Wand - Light to Medium	42	100	14	22	\N	34	\N	\N	f	\N
101	Intensify your look with Hoodie’s Lash #22: ultra-dense, high-impact false eyelashes designed to elevate any makeup style with volume and drama.	FEMININ	Hoodie’s Lash #22 - Ultra Dense False Eyelashes	22	100	2	15	\N	\N	\N	\N	f	\N
102	A true matte liquid eyeliner that glides on smoothly, dries quickly, and stays put all day without fading, flaking, or smudging.	FEMININ	Roller Liner True Matte Liquid Eyeliner	32	100	8	16	\N	72	\N	\N	f	\N
103	A true matte liquid eyeliner that glides on smoothly, dries quickly, and stays put all day without fading, flaking, or smudging.	FEMININ	Roller Liner True Matte Liquid Eyeliner	32	100	8	16	\N	75	\N	\N	f	\N
104	A highly pigmented, waterproof and smudge-proof liquid eyeliner with intense color payoff and long-lasting hold.	FEMININ	Aqua Resist Color Ink Eyeliner	34	99	11	16	\N	72	\N	\N	f	\N
106	A highly pigmented, waterproof and smudge-proof liquid eyeliner with intense color payoff and long-lasting hold.	FEMININ	Aqua Resist Color Ink Eyeliner	34	99	11	16	\N	75	\N	\N	f	\N
107	A versatile, richly pigmented matte pencil for lips, eyes, and brows. Create precise lines or blend for a smoky effect.	FEMININ	Artist Color Pencil – Multi-Use Matte Pencil	30	99	11	17	\N	72	\N	\N	f	\N
108	A versatile, richly pigmented matte pencil for lips, eyes, and brows. Create precise lines or blend for a smoky effect.	FEMININ	Artist Color Pencil – Multi-Use Matte Pencil	30	99	11	17	\N	75	\N	\N	f	\N
109	A versatile, richly pigmented matte pencil for lips, eyes, and brows. Create precise lines or blend for a smoky effect.	FEMININ	Artist Color Pencil – Multi-Use Matte Pencil	30	99	11	17	\N	73	\N	\N	f	\N
110	A cult-favorite setting spray that keeps makeup locked in place for up to 16 hours without fading, smudging, or settling into fine lines.	FEMININ	All Nighter Long-Lasting Makeup Setting Spray	32	99	10	11	\N	\N	\N	\N	f	\N
111	A legendary eyeshadow primer that preps lids for smoother application and ensures vibrant, crease-free color that lasts all day.	FEMININ	Eyeshadow Primer Potion	27	200	10	18	\N	\N	\N	\N	f	\N
114	A lightweight, oil-free BB gel that adjusts to your skin tone, delivering hydration and a natural finish while evening out complexion.	FEMININ	Dramatically Different Moisturizing BB-Gel	32	202	16	25	\N	\N	\N	\N	f	\N
115	A bestselling BB cream with high UV protection, skin-perfecting coverage, and nourishing ingredients for a radiant, healthy complexion.	FEMININ	M Perfect Cover BB Cream SPF 42	30	202	25	25	\N	\N	\N	\N	f	\N
116	A lightweight, longwear matte skinstick that can be used to conceal, correct, contour, and touch up in a soft matte finish.	FEMININ	Match Stix Matte Skinstick	40	202	5	26	\N	27	\N	\N	f	\N
117	A lightweight, longwear matte skinstick that can be used to conceal, correct, contour, and touch up in a soft matte finish.	FEMININ	Match Stix Matte Skinstick	40	202	5	26	\N	28	\N	\N	f	\N
118	A lightweight, longwear matte skinstick that can be used to conceal, correct, contour, and touch up in a soft matte finish.	FEMININ	Match Stix Matte Skinstick	40	202	5	26	\N	35	\N	\N	f	\N
119	A lightweight, longwear matte skinstick that can be used to conceal, correct, contour, and touch up in a soft matte finish.	FEMININ	Match Stix Matte Skinstick	40	202	5	26	\N	69	\N	\N	f	\N
120	A blendable, buildable liquid contour wand that sculpts and defines the face with a natural-looking matte finish.	FEMININ	Sculpt Tape Contour	38	202	13	26	\N	61	\N	\N	f	\N
121	A blendable, buildable liquid contour wand that sculpts and defines the face with a natural-looking matte finish.	FEMININ	Sculpt Tape Contour	38	202	13	26	\N	59	\N	\N	f	\N
113	An ultra-fine, light-reflecting setting powder that visibly improves the look of skin while extending the wear of makeup with a luminous finish.	FEMININ	Light Reflecting Setting Powder – Gold Dust	38	199	9	7	\N	40	\N	\N	f	\N
105	A highly pigmented, waterproof and smudge-proof liquid eyeliner with intense color payoff and long-lasting hold.	FEMININ	Aqua Resist Color Ink Eyeliner	34	98	11	16	\N	73	\N	\N	f	\N
100	A high-performance adhesive designed to ensure secure and long-lasting hold for false eyelashes.	FEMININ	False Eyelash Adhesive	55	97	2	15	\N	\N	\N	\N	f	\N
122	A lightweight, buildable skin tint that delivers a smooth, blurred, and natural-looking finish with long-lasting wear.	FEMININ	Eaze Drop Blurring Skin Tint	30	202	5	27	\N	63	\N	\N	f	\N
154	A two-shade brow powder compact that lets you customize your eyebrow color and fill with a natural, softly shaded finish	FEMININ	Brow Powder Duo	20	199	6	29	\N	76	\N	\N	f	\N
128	A lightweight, buildable skin tint that delivers a smooth, blurred, and natural-looking finish with long-lasting wear.	FEMININ	Eaze Drop Blurring Skin Tint	30	200	5	27	\N	4	\N	\N	f	\N
129	A lightweight, buildable skin tint that delivers a smooth, blurred, and natural-looking finish with long-lasting wear.	FEMININ	Eaze Drop Blurring Skin Tint	30	200	5	27	\N	1	\N	\N	f	\N
130	A lightweight, buildable skin tint that delivers a smooth, blurred, and natural-looking finish with long-lasting wear.	FEMININ	Eaze Drop Blurring Skin Tint	30	200	5	27	\N	36	\N	\N	f	\N
131	A lightweight, buildable skin tint that delivers a smooth, blurred, and natural-looking finish with long-lasting wear.	FEMININ	Eaze Drop Blurring Skin Tint	30	200	5	27	\N	32	\N	\N	f	\N
132	A radiant, moisture-packed skin tint that provides light coverage and a dewy glow, perfect for a fresh, natural look.	FEMININ	GloWish MultiDew Tinted Moisturizer	31	200	2	27	\N	63	\N	\N	f	\N
133	A radiant, moisture-packed skin tint that provides light coverage and a dewy glow, perfect for a fresh, natural look.	FEMININ	GloWish MultiDew Tinted Moisturizer	31	200	2	27	\N	4	\N	\N	f	\N
134	A radiant, moisture-packed skin tint that provides light coverage and a dewy glow, perfect for a fresh, natural look.	FEMININ	GloWish MultiDew Tinted Moisturizer	31	200	2	27	\N	17	\N	\N	f	\N
135	A radiant, moisture-packed skin tint that provides light coverage and a dewy glow, perfect for a fresh, natural look.	FEMININ	GloWish MultiDew Tinted Moisturizer	31	200	2	27	\N	12	\N	\N	f	\N
136	A radiant, moisture-packed skin tint that provides light coverage and a dewy glow, perfect for a fresh, natural look.	FEMININ	GloWish MultiDew Tinted Moisturizer	31	200	2	27	\N	30	\N	\N	f	\N
137	A radiant, moisture-packed skin tint that provides light coverage and a dewy glow, perfect for a fresh, natural look.	FEMININ	GloWish MultiDew Tinted Moisturizer	31	200	2	27	\N	29	\N	\N	f	\N
138	An easy-to-use brow pencil with a custom teardrop tip that fills, shapes, and defines brows for a natural look that lasts.	FEMININ	Goof Proof Brow Pencil	19	200	8	29	\N	75	\N	\N	f	\N
139	An easy-to-use brow pencil with a custom teardrop tip that fills, shapes, and defines brows for a natural look that lasts.	FEMININ	Goof Proof Brow Pencil	19	200	8	29	\N	78	\N	\N	f	\N
140	An easy-to-use brow pencil with a custom teardrop tip that fills, shapes, and defines brows for a natural look that lasts.	FEMININ	Goof Proof Brow Pencil	19	200	8	29	\N	76	\N	\N	f	\N
141	An easy-to-use brow pencil with a custom teardrop tip that fills, shapes, and defines brows for a natural look that lasts.	FEMININ	Goof Proof Brow Pencil	19	200	8	29	\N	77	\N	\N	f	\N
142	A triangular-tip eyebrow pencil that delivers precise definition, effortless blending, and a natural-looking finish.	FEMININ	Brow Definer	21	200	6	29	\N	75	\N	\N	f	\N
143	A triangular-tip eyebrow pencil that delivers precise definition, effortless blending, and a natural-looking finish.	FEMININ	Brow Definer	21	200	6	29	\N	77	\N	\N	f	\N
144	A triangular-tip eyebrow pencil that delivers precise definition, effortless blending, and a natural-looking finish.	FEMININ	Brow Definer	21	200	6	29	\N	78	\N	\N	f	\N
145	A triangular-tip eyebrow pencil that delivers precise definition, effortless blending, and a natural-looking finish.	FEMININ	Brow Definer	21	200	6	29	\N	76	\N	\N	f	\N
146	An ultra-precise brow pencil with a retractable tip and built-in brush for naturally defined, fuller-looking brows.	FEMININ	Diorshow Brow Styler	23	200	3	29	\N	77	\N	\N	f	\N
147	An ultra-precise brow pencil with a retractable tip and built-in brush for naturally defined, fuller-looking brows.	FEMININ	Diorshow Brow Styler	23	200	3	29	\N	75	\N	\N	f	\N
148	An ultra-precise brow pencil with a retractable tip and built-in brush for naturally defined, fuller-looking brows.	FEMININ	Diorshow Brow Styler	23	200	3	29	\N	78	\N	\N	f	\N
149	An ultra-precise brow pencil with a retractable tip and built-in brush for naturally defined, fuller-looking brows.	FEMININ	Diorshow Brow Styler	23	200	3	29	\N	76	\N	\N	f	\N
150	A two-shade brow powder compact that lets you customize your eyebrow color and fill with a natural, softly shaded finish.	FEMININ	Brow Powder Duo	20	200	6	29	\N	77	\N	\N	f	\N
155	A two-shade brow powder compact that lets you customize your eyebrow color and fill with a natural, softly shaded finish	FEMININ	Brow Powder Duo	20	199	6	29	\N	75	\N	\N	f	\N
156	A tinted eyebrow gel containing tiny microfibers that adhere to skin and hairs, creating natural-looking fullness and definition.	FEMININ	Gimme Brow+ Volumizing Eyebrow Gel	23	199	8	30	\N	75	\N	\N	f	\N
157	A tinted eyebrow gel containing tiny microfibers that adhere to skin and hairs, creating natural-looking fullness and definition.	FEMININ	Gimme Brow+ Volumizing Eyebrow Gel	23	199	8	30	\N	77	\N	\N	f	\N
158	A tinted eyebrow gel containing tiny microfibers that adhere to skin and hairs, creating natural-looking fullness and definition.	FEMININ	Gimme Brow+ Volumizing Eyebrow Gel	23	199	8	30	\N	76	\N	\N	f	\N
159	An award-winning, cult-favorite setting powder that sets makeup for 16 hours of weightless wear with a soft-focus, blurred finish.	FEMININ	Translucent Loose Setting Powder	31	199	12	5	\N	64	\N	\N	f	\N
160	A waterproof, full-pigment pomade that helps sculpt, define, and create precise brows that stay put all day.	FEMININ	Dipbrow Pomade	32	199	6	30	\N	77	\N	\N	f	\N
161	A waterproof, full-pigment pomade that helps sculpt, define, and create precise brows that stay put all day.	FEMININ	Dipbrow Pomade	32	199	6	30	\N	75	\N	\N	f	\N
162	A waterproof, full-pigment pomade that helps sculpt, define, and create precise brows that stay put all day.	FEMININ	Dipbrow Pomade	32	199	6	30	\N	78	\N	\N	f	\N
163	A waterproof, full-pigment pomade that helps sculpt, define, and create precise brows that stay put all day.	FEMININ	Dipbrow Pomade	32	199	6	30	\N	76	\N	\N	f	\N
166	A curated set of Benefit’s bestselling brow products to fill, define, and shape your eyebrows with ease and precision.	FEMININ	Brow Haul of Fame – Brow Set	40	199	8	31	\N	78	\N	\N	f	\N
164	A curated set of Benefit’s bestselling brow products to fill, define, and shape your eyebrows with ease and precision.	FEMININ	Brow Haul of Fame – Brow Set	40	199	8	31	\N	77	\N	\N	f	\N
167	A curated set of Benefit’s bestselling brow products to fill, define, and shape your eyebrows with ease and precision.	FEMININ	Brow Haul of Fame – Brow Set	40	199	8	31	\N	76	\N	\N	f	\N
165	A curated set of Benefit’s bestselling brow products to fill, define, and shape your eyebrows with ease and precision.	FEMININ	Brow Haul of Fame – Brow Set	40	199	8	31	\N	75	\N	\N	f	\N
169	A hydrating matte lipstick for soft lips.	FEMININ	Kind Words Matte Lipstick	20	199	1	33	\N	55	\N	\N	f	\N
172	A hydrating matte lipstick for soft lips.	FEMININ	Kind Words Matte Lipstick	20	199	1	33	\N	8	\N	\N	f	\N
173	A hydrating matte lipstick for soft lips.	FEMININ	Kind Words Matte Lipstick	20	199	1	33	\N	46	\N	\N	f	\N
174	A hydrating matte lipstick for soft lips.	FEMININ	Kind Words Matte Lipstick	20	199	1	33	\N	74	\N	\N	f	\N
181	A transfer-proof, long-lasting lipstick that delivers bold color and 16-hour wear without compromising comfort.	FEMININ	Rouge Dior Forever Transfer-Proof Lipstick	20.99	220	3	33	\N	79	\N	\N	f	\N
182	A transfer-proof, long-lasting lipstick that delivers bold color and 16-hour wear without compromising comfort.	FEMININ	Rouge Dior Forever Transfer-Proof Lipstick	20.99	220	3	33	\N	80	\N	\N	f	\N
183	A transfer-proof, long-lasting lipstick that delivers bold color and 16-hour wear without compromising comfort.	FEMININ	Rouge Dior Forever Transfer-Proof Lipstick	20.99	220	3	33	\N	81	\N	\N	f	\N
184	A transfer-proof, long-lasting lipstick that delivers bold color and 16-hour wear without compromising comfort.	FEMININ	Rouge Dior Forever Transfer-Proof Lipstick	20.99	220	3	33	\N	53	\N	\N	f	\N
185	A transfer-proof, long-lasting lipstick that delivers bold color and 16-hour wear without compromising comfort.	FEMININ	Rouge Dior Forever Transfer-Proof Lipstick	20.99	220	3	33	\N	8	\N	\N	f	\N
186	A transfer-proof, long-lasting lipstick that delivers bold color and 16-hour wear without compromising comfort.	FEMININ	Rouge Dior Forever Transfer-Proof Lipstick	20.99	220	3	33	\N	10	\N	\N	f	\N
187	A transfer-proof, long-lasting lipstick that delivers bold color and 16-hour wear without compromising comfort.	FEMININ	Rouge Dior Forever Transfer-Proof Lipstick	20.99	220	3	33	\N	74	\N	\N	f	\N
188	A hydrating lip gloss that delivers instant and long-term lip plumping with a glossy finish and comfort.	FEMININ	Dior Addict Lip Maximizer	23	220	3	34	\N	50	\N	\N	f	\N
189	A hydrating lip gloss that delivers instant and long-term lip plumping with a glossy finish and comfort.	FEMININ	Dior Addict Lip Maximizer	23	220	3	34	\N	47	\N	\N	f	\N
190	A hydrating lip gloss that delivers instant and long-term lip plumping with a glossy finish and comfort.	FEMININ	Dior Addict Lip Maximizer	23	220	3	34	\N	6	\N	\N	f	\N
191	A hydrating lip gloss that delivers instant and long-term lip plumping with a glossy finish and comfort.	FEMININ	Dior Addict Lip Maximizer	23	220	3	34	\N	53	\N	\N	f	\N
192	A hydrating lip gloss that delivers instant and long-term lip plumping with a glossy finish and comfort.	FEMININ	Dior Addict Lip Maximizer	23	220	3	34	\N	54	\N	\N	f	\N
193	A non-sticky lip gloss with medium to full color payoff and brilliant shine, delivering a smooth, creamy texture.	FEMININ	Gloss Bomb Cream	17	220	5	34	\N	50	\N	\N	f	\N
194	A non-sticky lip gloss with medium to full color payoff and brilliant shine, delivering a smooth, creamy texture.	FEMININ	Gloss Bomb Cream	17	220	5	34	\N	9	\N	\N	f	\N
195	A non-sticky lip gloss with medium to full color payoff and brilliant shine, delivering a smooth, creamy texture.	FEMININ	Gloss Bomb Cream	17	220	5	34	\N	80	\N	\N	f	\N
196	A non-sticky lip gloss with medium to full color payoff and brilliant shine, delivering a smooth, creamy texture.	FEMININ	Gloss Bomb Cream	17	220	5	34	\N	56	\N	\N	f	\N
197	A non-sticky lip gloss with medium to full color payoff and brilliant shine, delivering a smooth, creamy texture.	FEMININ	Gloss Bomb Cream	17	220	5	34	\N	46	\N	\N	f	\N
198	A hydrating lipstick with a shiny finish, combining vibrant color with lasting moisture and a melting balm texture.	FEMININ	YSL Loveshine Lipstick	27	220	29	35	\N	46	\N	\N	f	\N
199	A hydrating lipstick with a shiny finish, combining vibrant color with lasting moisture and a melting balm texture.	FEMININ	YSL Loveshine Lipstick	27	220	29	35	\N	27	\N	\N	f	\N
200	A hydrating lipstick with a shiny finish, combining vibrant color with lasting moisture and a melting balm texture.	FEMININ	YSL Loveshine Lipstick	27	220	29	35	\N	50	\N	\N	f	\N
201	A hydrating lipstick with a shiny finish, combining vibrant color with lasting moisture and a melting balm texture.	FEMININ	YSL Loveshine Lipstick	27	220	29	35	\N	54	\N	\N	f	\N
202	A hydrating lipstick with a shiny finish, combining vibrant color with lasting moisture and a melting balm texture.	FEMININ	YSL Loveshine Lipstick	27	220	29	35	\N	80	\N	\N	f	\N
171	A hydrating matte lipstick for soft lips.	FEMININ	Kind Words Matte Lipstick	20	198	1	33	\N	53	\N	\N	f	\N
178	A highly-pigmented, long-lasting matte lipstick.	FEMININ	Power Bullet Matte Lipstick	21.99	219	2	33	\N	50	\N	\N	f	\N
40	Full-coverage, long-lasting concealer for a flawless matte finish.	FEMININ	Shape Tape Concealer	31.99	35	13	4	\N	67	\N	\N	f	\N
175	A highly-pigmented, long-lasting matte lipstick.	FEMININ	Power Bullet Matte Lipstick	21.99	219	2	33	\N	79	\N	\N	f	\N
176	A highly-pigmented, long-lasting matte lipstick.	FEMININ	Power Bullet Matte Lipstick	21.99	219	2	33	\N	80	\N	\N	f	\N
177	A highly-pigmented, long-lasting matte lipstick.	FEMININ	Power Bullet Matte Lipstick	21.99	219	2	33	\N	81	\N	\N	f	\N
179	A highly-pigmented, long-lasting matte lipstick.	FEMININ	Power Bullet Matte Lipstick	21.99	218	2	33	\N	53	\N	\N	f	\N
180	A highly-pigmented, long-lasting matte lipstick.	FEMININ	Power Bullet Matte Lipstick	21.99	219	2	33	\N	52	\N	\N	f	\N
170	A hydrating matte lipstick for soft lips.	FEMININ	Kind Words Matte Lipstick	20	195	1	33	\N	49	\N	\N	f	\N
203	A hydrating lipstick with a shiny finish, combining vibrant color with lasting moisture and a melting balm texture.	FEMININ	YSL Loveshine Lipstick	27	220	29	35	\N	79	\N	\N	f	\N
205	A cult-favorite, universally flattering sheer lipstick-balm hybrid that enhances the natural color of your lips with a soft, glossy finish.	FEMININ	Almost Lipstick Black Honey	14	220	16	35	\N	82	\N	\N	f	\N
206	A long-lasting, waterproof lip liner that shapes and defines for a fuller-looking pout. Glides on easily and stays put for up to 6 hours.	FEMININ	Lip Cheat Lip Liner	18	220	14	36	\N	7	\N	\N	f	\N
207	A long-lasting, waterproof lip liner that shapes and defines for a fuller-looking pout. Glides on easily and stays put for up to 6 hours.	FEMININ	Lip Cheat Lip Liner	18	220	14	36	\N	79	\N	\N	f	\N
208	A long-lasting, waterproof lip liner that shapes and defines for a fuller-looking pout. Glides on easily and stays put for up to 6 hours.	FEMININ	Lip Cheat Lip Liner	18	220	14	36	\N	80	\N	\N	f	\N
209	A long-lasting, waterproof lip liner that shapes and defines for a fuller-looking pout. Glides on easily and stays put for up to 6 hours.	FEMININ	Lip Cheat Lip Liner	18	220	14	36	\N	81	\N	\N	f	\N
210	A long-lasting, waterproof lip liner that shapes and defines for a fuller-looking pout. Glides on easily and stays put for up to 6 hours.	FEMININ	Lip Cheat Lip Liner	18	220	14	36	\N	52	\N	\N	f	\N
211	A long-lasting, waterproof lip liner that shapes and defines for a fuller-looking pout. Glides on easily and stays put for up to 6 hours.	FEMININ	Lip Cheat Lip Liner	18	220	14	36	\N	6	\N	\N	f	\N
212	A long-lasting, waterproof lip liner that shapes and defines for a fuller-looking pout. Glides on easily and stays put for up to 6 hours.	FEMININ	Lip Cheat Lip Liner	18	220	14	36	\N	54	\N	\N	f	\N
213	A long-lasting, waterproof lip liner that shapes and defines for a fuller-looking pout. Glides on easily and stays put for up to 6 hours.	FEMININ	Lip Cheat Lip Liner	18	220	14	36	\N	8	\N	\N	f	\N
214	A creamy, highly pigmented lip liner that provides precise definition and long-lasting wear for a perfectly sculpted pout.	FEMININ	Precision Lip Liner	17	220	9	36	\N	8	\N	\N	f	\N
215	A creamy, highly pigmented lip liner that provides precise definition and long-lasting wear for a perfectly sculpted pout.	FEMININ	Precision Lip Liner	17	220	9	36	\N	50	\N	\N	f	\N
216	A creamy, highly pigmented lip liner that provides precise definition and long-lasting wear for a perfectly sculpted pout.	FEMININ	Precision Lip Liner	17	220	9	36	\N	53	\N	\N	f	\N
217	A creamy, highly pigmented lip liner that provides precise definition and long-lasting wear for a perfectly sculpted pout.	FEMININ	Precision Lip Liner	17	220	9	36	\N	17	\N	\N	f	\N
218	A creamy, highly pigmented lip liner that provides precise definition and long-lasting wear for a perfectly sculpted pout.	FEMININ	Precision Lip Liner	17	220	9	36	\N	27	\N	\N	f	\N
219	A creamy, highly pigmented lip liner that provides precise definition and long-lasting wear for a perfectly sculpted pout.	FEMININ	Precision Lip Liner	17	220	9	36	\N	79	\N	\N	f	\N
220	A creamy, highly pigmented lip liner that provides precise definition and long-lasting wear for a perfectly sculpted pout.	FEMININ	Precision Lip Liner	17	220	9	36	\N	80	\N	\N	f	\N
221	A creamy, highly pigmented lip liner that provides precise definition and long-lasting wear for a perfectly sculpted pout.	FEMININ	Precision Lip Liner	17	220	9	36	\N	81	\N	\N	f	\N
222	A precision makeup puff designed to apply and blend loose or pressed powders with a smooth, soft-focus finish.	FEMININ	Powder Puff Easy Bake"	8	220	2	42	\N	\N	\N	\N	f	\N
223	A reusable makeup sponge designed for smooth and buildable application of foundation, offering a natural and transfer-proof finish.	FEMININ	Watertone Sponge	9	220	11	42	\N	\N	\N	\N	f	\N
224	A complete brush set from Real Techniques designed to achieve a natural makeup look, featuring ultra-soft bristles and ergonomic handles.	FEMININ	Au Naturale Makeup Brush Set	16	220	36	42	\N	\N	\N	\N	f	\N
225	A versatile brush set designed for creating flawless eye makeup looks, featuring high-quality synthetic bristles and precision shapes.	FEMININ	Everyday Essentials Eye Brush Set	14	220	36	42	\N	\N	\N	\N	f	\N
230	An explosion of fresh, romantic, and sophisticated floral notes. Miss Dior is a timeless fragrance that evokes modern femininity.	FEMININ	Miss Dior Eau de Parfum	150	200	3	50	\N	\N	1	\N	f	\N
232	A bold and fresh fragrance inspired by wide-open spaces. Sauvage combines spicy notes with woody amber, creating a raw and noble scent for men.	MASCULIN	Sauvage Eau de Toilette	140	200	3	50	\N	\N	5	\N	f	\N
235	The iconic feminine fragrance with a timeless floral-aldehyde composition. Chanel N°5 is a symbol of elegance and sophistication.	FEMININ	Chanel N°5 Eau de Parfum"	120	200	4	50	\N	\N	1	\N	f	\N
226	A captivating, sweet and creamy fragrance with notes of marshmallow, praline, and whipped cream – an intense, gourmand scent for bold personalities.	FEMININ	Yum Boujee Marshmallow 81 Eau de Parfum Intense	80	219	35	50	\N	\N	5	\N	f	\N
229	An explosion of fresh, romantic, and sophisticated floral notes. Miss Dior is a timeless fragrance that evokes modern femininity.	FEMININ	Miss Dior Eau de Parfum	150	199	3	50	\N	\N	3	\N	f	\N
233	A bold and fresh fragrance inspired by wide-open spaces. Sauvage combines spicy notes with woody amber, creating a raw and noble scent for men.	MASCULIN	Sauvage Eau de Toilette	140	199	3	50	\N	\N	3	\N	f	\N
227	A captivating, sweet and creamy fragrance with notes of marshmallow, praline, and whipped cream – an intense, gourmand scent for bold personalities.	FEMININ	Yum Boujee Marshmallow 81 Eau de Parfum Intense	110	216	35	50	\N	\N	3	\N	f	\N
236	The iconic feminine fragrance with a timeless floral-aldehyde composition. Chanel N°5 is a symbol of elegance and sophistication.	FEMININ	Chanel N°5 Eau de Parfum"	180	200	4	50	\N	\N	5	\N	f	\N
237	The iconic feminine fragrance with a timeless floral-aldehyde composition. Chanel N°5 is a symbol of elegance and sophistication.	FEMININ	Chanel N°5 Eau de Parfum"	180	249	4	50	\N	\N	3	\N	f	\N
240	A bold, woody-aromatic fragrance that embodies freedom and determination. Bleu de Chanel Eau de Parfum is intense, refined, and powerful.	MASCULIN	Bleu de Chanel Eau de Parfum	229	250	4	50	\N	\N	3	\N	f	\N
241	A luminous and elegant floral gourmand fragrance. La Vie Est Belle celebrates happiness with notes of iris, jasmine, and sweet vanilla.	FEMININ	La Vie Est Belle Eau de Parfum	120	250	17	50	\N	\N	1	\N	f	\N
242	A luminous and elegant floral gourmand fragrance. La Vie Est Belle celebrates happiness with notes of iris, jasmine, and sweet vanilla.	FEMININ	La Vie Est Belle Eau de Parfum	179	250	17	50	\N	\N	5	\N	f	\N
243	A luminous and elegant floral gourmand fragrance. La Vie Est Belle celebrates happiness with notes of iris, jasmine, and sweet vanilla.	FEMININ	La Vie Est Belle Eau de Parfum	209	250	17	50	\N	\N	3	\N	f	\N
244	A modern and vibrant fragrance blending fresh bergamot with sensual woods and orange blossom. MYSLF is the first refillable masculine fragrance by YSL Beauty.	MASCULIN	MYSLF Eau de Parfum	120	250	29	50	\N	\N	1	\N	f	\N
245	A modern and vibrant fragrance blending fresh bergamot with sensual woods and orange blossom. MYSLF is the first refillable masculine fragrance by YSL Beauty.	MASCULIN	MYSLF Eau de Parfum	219	250	29	50	\N	\N	3	\N	f	\N
247	A bold and sensual fragrance that blends lavender essence from France with Moroccan orange blossom and a daring musk accord. Libre embodies freedom and strength.	FEMININ	Libre Eau de Parfum	199	250	29	50	\N	\N	5	\N	f	\N
248	A bold and sensual fragrance that blends lavender essence from France with Moroccan orange blossom and a daring musk accord. Libre embodies freedom and strength.	FEMININ	Libre Eau de Parfum	249	250	29	50	\N	\N	3	\N	f	\N
253	A luscious and provocative unisex fragrance that opens with sweet black cherry and bitter almond, blending into notes of Turkish rose and roasted tonka bean.	UNISEX	Lost Cherry Eau de Parfum	279	250	30	50	\N	\N	5	\N	f	\N
256	A luscious and provocative unisex fragrance that opens with sweet black cherry and bitter almond, blending into notes of Turkish rose and roasted tonka bean.	UNISEX	Bitter Peach Eau de Parfum	290	330	30	50	\N	\N	5	\N	f	\N
257	A luscious and provocative unisex fragrance that opens with sweet black cherry and bitter almond, blending into notes of Turkish rose and roasted tonka bean.	UNISEX	Bitter Peach Eau de Parfum	340	330	30	50	\N	\N	3	\N	f	\N
258	A mysterious and powerful fragrance that blends jasmine sambac, cashmeran wood, and white amber. Alien is a bold and radiant scent that reveals every woman’s inner goddess.	FEMININ	Alien Eau de Parfum	100	330	31	50	\N	\N	1	\N	f	\N
259	A mysterious and powerful fragrance that blends jasmine sambac, cashmeran wood, and white amber. Alien is a bold and radiant scent that reveals every woman’s inner goddess.	FEMININ	Alien Eau de Parfum	140	330	31	50	\N	\N	5	\N	f	\N
260	A mysterious and powerful fragrance that blends jasmine sambac, cashmeran wood, and white amber. Alien is a bold and radiant scent that reveals every woman’s inner goddess.	FEMININ	Alien Eau de Parfum	200	330	31	50	\N	\N	3	\N	f	\N
261	An electrifying masculine fragrance combining bold notes of roasted coffee, vibrant wood, and spicy vanilla. A*Men Fantasm is an explosive reinterpretation of Mugler’s iconic A*Men.	MASCULIN	A*Men Fantasm Eau de Parfum	110	330	31	50	\N	\N	1	\N	f	\N
262	An electrifying masculine fragrance combining bold notes of roasted coffee, vibrant wood, and spicy vanilla. A*Men Fantasm is an explosive reinterpretation of Mugler’s iconic A*Men.	MASCULIN	A*Men Fantasm Eau de Parfum	160	330	31	50	\N	\N	5	\N	f	\N
263	An electrifying masculine fragrance combining bold notes of roasted coffee, vibrant wood, and spicy vanilla. A*Men Fantasm is an explosive reinterpretation of Mugler’s iconic A*Men.	MASCULIN	A*Men Fantasm Eau de Parfum	200	330	31	50	\N	\N	3	\N	f	\N
264	A provocative and exotic fragrance that blends pomegranate and orchid with a rich mahogany wood base. Euphoria by Calvin Klein is a symbol of confidence and sensuality.	MASCULIN	Euphoria Eau de Parfum	80	330	32	50	\N	\N	1	\N	f	\N
255	A luscious and provocative unisex fragrance that opens with sweet black cherry and bitter almond, blending into notes of Turkish rose and roasted tonka bean.	UNISEX	Bitter Peach Eau de Parfum	210	329	30	50	\N	\N	1	\N	f	\N
238	A bold, woody-aromatic fragrance that embodies freedom and determination. Bleu de Chanel Eau de Parfum is intense, refined, and powerful.	MASCULIN	Bleu de Chanel Eau de Parfum	120	249	4	50	\N	\N	1	\N	f	\N
254	A luscious and provocative unisex fragrance that opens with sweet black cherry and bitter almond, blending into notes of Turkish rose and roasted tonka bean.	UNISEX	Lost Cherry Eau de Parfum	279	329	30	50	\N	\N	3	\N	f	\N
239	A bold, woody-aromatic fragrance that embodies freedom and determination. Bleu de Chanel Eau de Parfum is intense, refined, and powerful.	MASCULIN	Bleu de Chanel Eau de Parfum	179	249	4	50	\N	\N	5	\N	f	\N
252	A luscious and provocative unisex fragrance that opens with sweet black cherry and bitter almond, blending into notes of Turkish rose and roasted tonka bean.	UNISEX	Lost Cherry Eau de Parfum	200	248	30	50	\N	\N	1	\N	f	\N
250	A luxurious, warm, and opulent fragrance. Tobacco Vanille blends spicy tobacco leaf and aromatic spices with creamy vanilla, cocoa, and dried fruits for a sensual, unisex signature.	UNISEX	Tobacco Vanille Eau de Parfum	299	250	30	50	\N	\N	5	10	t	269.1
251	A luxurious, warm, and opulent fragrance. Tobacco Vanille blends spicy tobacco leaf and aromatic spices with creamy vanilla, cocoa, and dried fruits for a sensual, unisex signature.	UNISEX	Tobacco Vanille Eau de Parfum	308	250	30	50	\N	\N	3	10	t	277.2
265	A provocative and exotic fragrance that blends pomegranate and orchid with a rich mahogany wood base. Euphoria by Calvin Klein is a symbol of confidence and sensuality.	MASCULIN	Euphoria Eau de Parfum	120	330	32	50	\N	\N	5	\N	f	\N
266	A provocative and exotic fragrance that blends pomegranate and orchid with a rich mahogany wood base. Euphoria by Calvin Klein is a symbol of confidence and sensuality.	MASCULIN	Euphoria Eau de Parfum	150	330	32	50	\N	\N	3	\N	f	\N
267	A fresh and sophisticated reinterpretation of the classic Eternity. This aromatic fragrance blends bergamot, lavender, and warm woody notes for a modern masculine signature.	MASCULIN	Eternity Aromatic Essence for Men	110	330	32	50	\N	\N	1	\N	f	\N
268	A fresh and sophisticated reinterpretation of the classic Eternity. This aromatic fragrance blends bergamot, lavender, and warm woody notes for a modern masculine signature.	MASCULIN	Eternity Aromatic Essence for Men	130	330	32	50	\N	\N	5	\N	f	\N
269	A fresh and sophisticated reinterpretation of the classic Eternity. This aromatic fragrance blends bergamot, lavender, and warm woody notes for a modern masculine signature.	MASCULIN	Eternity Aromatic Essence for Men	160	330	32	50	\N	\N	3	\N	f	\N
270	A bold and addictive fragrance for men, blending clary sage and caramel with tonka bean for an intense, sensual trail. Scandal Intense is a powerful statement of masculinity.	MASCULIN	Scandal Intense Eau de Parfum	130	330	33	50	\N	\N	1	\N	f	\N
271	A bold and addictive fragrance for men, blending clary sage and caramel with tonka bean for an intense, sensual trail. Scandal Intense is a powerful statement of masculinity.	MASCULIN	Scandal Intense Eau de Parfum	180	330	33	50	\N	\N	5	\N	f	\N
272	A bold and addictive fragrance for men, blending clary sage and caramel with tonka bean for an intense, sensual trail. Scandal Intense is a powerful statement of masculinity.	MASCULIN	Scandal Intense Eau de Parfum	200	330	33	50	\N	\N	3	\N	f	\N
273	A bold and elegant fragrance that combines honey, gardenia, and patchouli to create a sensual and addictive feminine signature. Scandal is a celebration of strong and daring women.	FEMININ	Scandal Eau de Parfum	130	330	33	50	\N	\N	1	\N	f	\N
274	A bold and elegant fragrance that combines honey, gardenia, and patchouli to create a sensual and addictive feminine signature. Scandal is a celebration of strong and daring women.	FEMININ	Scandal Eau de Parfum	180	330	33	50	\N	\N	5	\N	f	\N
275	A bold and elegant fragrance that combines honey, gardenia, and patchouli to create a sensual and addictive feminine signature. Scandal is a celebration of strong and daring women.	FEMININ	Scandal Eau de Parfum	240	330	33	50	\N	\N	3	\N	f	\N
276	A radiant and powerful fragrance that blends vanilla infusion, lavender, and cocoa. Burberry Goddess celebrates confidence and inner strength with a gourmand floral signature.	FEMININ	Burberry Goddess Eau de Parfum	200	330	34	50	\N	\N	1	\N	f	\N
277	A radiant and powerful fragrance that blends vanilla infusion, lavender, and cocoa. Burberry Goddess celebrates confidence and inner strength with a gourmand floral signature.	FEMININ	Burberry Goddess Eau de Parfum	240	330	34	50	\N	\N	5	\N	f	\N
278	A radiant and powerful fragrance that blends vanilla infusion, lavender, and cocoa. Burberry Goddess celebrates confidence and inner strength with a gourmand floral signature.	FEMININ	Burberry Goddess Eau de Parfum	300	330	34	50	\N	\N	3	\N	f	\N
279	A refined and elegant fragrance blending cinnamon, bergamot, leather, and tobacco leaf. Burberry London for Men captures the essence of the modern British gentleman.	UNISEX	Burberry London Eau de Toilette	150	330	34	50	\N	\N	4	\N	f	\N
280	A refined and elegant fragrance blending cinnamon, bergamot, leather, and tobacco leaf. Burberry London for Men captures the essence of the modern British gentleman.	UNISEX	Burberry London Eau de Toilette	220	330	34	50	\N	\N	3	\N	f	\N
281	A powerful and sensual fragrance blending warm cedarwood with spicy incense and benzoin. Burberry Hero is a bold expression of strength and masculinity.	MASCULIN	Burberry Hero Eau de Parfum	200	330	34	50	\N	\N	3	\N	f	\N
282	A rich and creamy gourmand fragrance featuring notes of vanilla orchid, tonka bean, brown sugar, and amber woods. Kayali Vanilla | 28 is a sweet and sensual scent perfect for layering.	MASCULIN	Kayali Vanilla | 28 Eau de Parfum	179	330	35	50	\N	\N	3	\N	f	\N
283	A rich and creamy gourmand fragrance featuring notes of vanilla orchid, tonka bean, brown sugar, and amber woods. Kayali Vanilla | 28 is a sweet and sensual scent perfect for layering.	MASCULIN	Kayali Vanilla | 28 Eau de Parfum	70	330	35	50	\N	\N	2	\N	f	\N
284	An addictive and fiery unisex fragrance featuring burning cherry, raspberry, praline, palo santo, and guaiac wood. Lovefest | 48 is a bold scent that celebrates passion and warmth.	MASCULIN	Lovefest Burning Cherry | 48 Eau de Parfum	180	330	35	50	\N	\N	3	\N	f	\N
285	An addictive and fiery unisex fragrance featuring burning cherry, raspberry, praline, palo santo, and guaiac wood. Lovefest | 48 is a bold scent that celebrates passion and warmth.	MASCULIN	Lovefest Burning Cherry | 48 Eau de Parfum	80	330	35	50	\N	\N	2	\N	f	\N
292	A gentle foaming gel cleanser developed by dermatologists to cleanse and remove oil without disrupting the skin’s natural protective barrier. Enriched with ceramides and niacinamide.	UNISEX	Foaming Cleanser for Normal to Oily Skin	40	329	22	52	\N	\N	7	\N	f	\N
290	A rich foaming cream-mousse cleanser by Clinique that gently removes makeup and impurities, leaving skin fresh, soft, and comfortable.	FEMININ	Rinse-Off Foaming Cleanser	22	321	16	52	\N	\N	3	\N	f	\N
291	A gentle foaming gel cleanser developed by dermatologists to cleanse and remove oil without disrupting the skin’s natural protective barrier. Enriched with ceramides and niacinamide.	UNISEX	Foaming Cleanser for Normal to Oily Skin	19	327	22	52	\N	\N	6	\N	f	\N
294	A moisturizing cleansing emulsion by CeraVe designed for normal to dry skin. Gently cleanses while restoring the skin barrier with essential ceramides and hyaluronic acid.	UNISEX	Hydrating Cleanser	40	329	22	52	\N	\N	7	\N	f	\N
300	A glycolic acid toner by The Ordinary that gently exfoliates the skin to improve texture, radiance, and clarity. Formulated with soothing ingredients like aloe vera and ginseng.	FEMININ	Glycolic Acid 7% Toning Solution	20	329	19	54	\N	\N	6	\N	f	\N
301	A gentle exfoliating toner by Beauty of Joseon formulated with green plum water, AHA, and BHA. It helps to remove dead skin cells and excess sebum while soothing and hydrating the skin.	FEMININ	Green Plum Refreshing Toner: AHA + BHA	23	329	27	54	\N	\N	6	\N	f	\N
303	An astringent toner by La Roche-Posay designed to visibly tighten pores and help eliminate excess oil. Formulated with micro-exfoliating LHA to refine skin texture and support acne-prone skin.	FEMININ	Effaclar Astringent Toner	16	329	21	54	\N	\N	8	\N	f	\N
304	A bestselling toner by Glow Recipe that tightens pores and smooths skin with gentle PHA and BHA acids. Infused with watermelon extract and cactus water for hydration and radiance.	FEMININ	Watermelon Glow PHA + BHA Pore-Tight Toner	21	329	23	54	\N	\N	6	\N	f	\N
305	A glow-boosting serum by Glow Recipe enriched with niacinamide and watermelon extract. Visibly brightens skin, evens tone, and delivers a dewy, reflective glow — can be used as a highlighter or serum.	FEMININ	Watermelon Glow Niacinamide Dew Drops	22	329	23	27	\N	45	5	\N	f	\N
307	A deeply hydrating serum by Glow Recipe packed with 3 types of plums and 5 weights of hyaluronic acid. Helps plump the skin, smooth fine lines, and deliver long-lasting moisture.	FEMININ	Plum Plump Hyaluronic Serum	16	329	23	55	\N	\N	1	\N	f	\N
309	An overnight treatment by Glow Recipe infused with watermelon enzymes and 2.5% AHA. Gently exfoliates and smooths skin texture while delivering deep hydration and glow by morning.	FEMININ	Watermelon Glow AHA Night Treatment	30	329	23	59	\N	\N	3	\N	f	\N
310	A lightweight mineral sunscreen by Glow Recipe with SPF 30. Infused with watermelon extract, niacinamide, and aloe, it hydrates and protects while leaving a soft pink dewy glow — perfect under makeup or worn alone.	FEMININ	Watermelon Glow SPF 30 Sunscreen	30	329	23	58	\N	\N	3	\N	f	\N
311	Clinique Moisture Surge is an ultra-lightweight cream-gel that delivers deep, long-lasting hydration for up to 100 hours. Infused with hyaluronic acid it leaves the skin smooth, fresh, and glowing even after washing your face.	FEMININ	Clinique Moisture Surge	40	201	16	56	\N	\N	3	\N	f	\N
312	An advanced anti-wrinkle serum designed to visibly reduce lines and strengthen skin. Powered by Clinique’s peptide-rich formula, it helps improve skin’s resilience and smoothness with every use.	FEMININ	Smart Clinical Repair Serum - Serum Antirid	88	201	16	57	\N	\N	5	\N	f	\N
313	A lightweight eye serum that helps reduce the look of dark circles and puffiness while refreshing and hydrating the under-eye area.	FEMININ	All About Eyes Brightening Serum	42	201	16	62	\N	\N	2	\N	f	\N
314	A lightweight facial lotion that strengthens the skin’s moisture barrier and delivers all-day hydration. Ideal for dry to very dry skin types.	FEMININ	Dramatically Different Moisturizing Lotion+	42	201	16	56	\N	\N	1	\N	f	\N
315	A lightweight facial lotion that strengthens the skin’s moisture barrier and delivers all-day hydration. Ideal for dry to very dry skin types.	FEMININ	Dramatically Different Moisturizing Lotion+	80	201	16	56	\N	\N	3	\N	f	\N
316	An all-in-one daily moisturizer for men with SPF 40 that hydrates, revitalizes, and protects the skin against UV rays and pollution.	MASCULIN	Clinique For Men – Hydrating and Revitalizing Concentrate SPF 40	44	201	16	58	\N	\N	5	\N	f	\N
317	A lightweight eye cream for men that hydrates, smooths fine lines, and helps combat signs of aging and fatigue around the eye area.	MASCULIN	Clinique For Men – Age Defense for Eyes	38	201	16	62	\N	\N	1	\N	f	\N
318	A lightweight moisturizing lotion that hydrates and softens the skin, leaving it feeling comfortable and refreshed throughout the day..	MASCULIN	Moisturizing Lotion Fluide Hydratant	40	201	16	56	\N	\N	3	\N	f	\N
297	A deep cleansing facial scrub by Clinique designed for oily skin. It exfoliates dead skin cells, unclogs pores, and smooths skin texture for a refreshed, polished look.	FEMININ	Exfoliating Scrub for Oily Skin	15	328	16	53	\N	\N	6	\N	f	\N
306	Glow Recipe’s bestselling serum infused with niacinamide and watermelon extract. Instantly boosts radiance, evens skin tone, and delivers a natural dewy glow without shimmer.	FEMININ	Watermelon Glow – Dew Drops Serum with Niacinamide	18	328	23	55	\N	\N	1	\N	f	\N
308	A lightweight gel-cream moisturizer by Glow Recipe that hydrates, plumps, and balances the skin. Infused with hyaluronic acid, polyglutamic acid, and antioxidant-rich plum for dewy, supple skin.	FEMININ	Plum Plump Hyaluronic Cream	20	327	23	56	\N	\N	3	\N	f	\N
302	A deeply hydrating essence by Beauty of Joseon enriched with 80% ginseng root water. Helps revitalize, nourish, and improve skin elasticity while strengthening the skin barrier.	FEMININ	Ginseng Essence Water	23	328	27	54	\N	\N	6	\N	f	\N
298	A glycolic acid toner by The Ordinary that gently exfoliates the skin to improve texture, radiance, and clarity. Formulated with soothing ingredients like aloe vera and ginseng.	FEMININ	Glycolic Acid 7% Toning Solution	12	328	19	54	\N	\N	3	\N	f	\N
319	A powerful night serum from Estée Lauder that helps reduce multiple signs of aging, improving skin's radiance, smoothness, and firmness overnight.	MASCULIN	Advanced Night Repair Synchronized Multi-Recovery Complex	86	201	18	59	\N	\N	3	\N	f	\N
320	A powerful night serum from Estée Lauder that helps reduce multiple signs of aging, improving skin's radiance, smoothness, and firmness overnight.	MASCULIN	Advanced Night Repair Synchronized Multi-Recovery Complex	60	201	18	59	\N	\N	5	\N	f	\N
321	A luxurious cream from Beauty of Joseon that deeply nourishes and revitalizes the skin. Formulated with ginseng and rice water, it helps reduce signs of aging and improves skin elasticity.	FEMININ	Dynasty Cream – Nourishing Anti-Aging Cream	32	201	27	57	\N	\N	3	\N	f	\N
322	A powerful anti-aging cream from Estée Lauder designed to improve skin elasticity and reduce the appearance of wrinkles. Infused with moringa extract for intense hydration and firmness.	FEMININ	Revitalizing Supreme+ – Anti-Aging Face Cream	78	300	18	57	\N	\N	5	\N	f	\N
323	A powerful anti-aging serum from The Ordinary formulated with multiple peptides and hyaluronic acid. Helps improve skin firmness, smooth fine lines, and deliver long-lasting hydration.	FEMININ	Multi-Peptide + HA Serum – Anti-Aging Serum"	22	300	18	55	\N	\N	1	\N	f	\N
324	This intensely hydrating serum from The Ordinary combines low, medium, and high-molecular-weight hyaluronic acid with vitamin B5 to enhance hydration, smoothness, and plumpness of the skin.	FEMININ	Hyaluronic Acid 2% + B5 – Hydrating Active Serum	12.5	300	19	55	\N	\N	1	\N	f	\N
325	A concentrated serum with purified Alpha Arbutin and Hyaluronic Acid to visibly target hyperpigmentation and dark spots while supporting hydration.	UNISEX	Alpha Arbutin 2% + HA – Dark Spot Correcting Serum	12.5	300	19	55	\N	\N	1	\N	f	\N
326	A 10-minute exfoliating facial with alpha hydroxy acids (AHA) and beta hydroxy acids (BHA) to help fight visible blemishes and improve skin radiance.	UNISEX	AHA 30% + BHA 2% Peeling Solution	15	300	19	53	\N	\N	1	\N	f	\N
327	A gentle yet powerful anti-aging emulsion with 0.2% retinaldehyde to visibly reduce fine lines and wrinkles while improving skin texture and firmness.	UNISEX	Retinal 0.2% Emulsion – Anti-Aging Treatment	15	300	19	57	\N	\N	1	\N	f	\N
328	An overnight mask designed to deeply hydrate and firm the skin while you sleep. With a bouncy texture and powerful ingredients, it helps restore elasticity and improve skin suppleness by morning.	UNISEX	Bouncy & Firm Sleeping Mask	28	300	24	60	\N	\N	3	\N	f	\N
329	An intensive overnight mask that hydrates and revitalizes tired, stressed skin. Infused with Hydro Ionized Mineral Water and calming ingredients, it delivers deep moisture and leaves the skin soft and refreshed by morning.	UNISEX	Water Sleeping Mask	25	300	24	60	\N	\N	3	\N	f	\N
331	Gentle lipid-replenishing cleansing oil for very dry and sensitive skin. Suitable for babies, children, and adults. Helps relieve itching and discomfort while preserving the skin's natural protective barrier.	FEMININ	Lipikar AP+ Oil Cleanser	19	300	21	66	\N	\N	9	\N	f	\N
332	A lightweight oil cleanser enriched with ginseng seed oil that gently removes makeup, sunscreen, and impurities while nourishing the skin. Suitable for daily use, it leaves the skin clean, soft, and refreshed without stripping moisture.	FEMININ	Ginseng Cleansing Oil	15	300	27	66	\N	\N	6	\N	f	\N
24	A long-wear, full coverage foundation with a natural matte finish and breathable texture.	FEMININ	Lancôme Teint Idole Ultra Wear Foundation	44.99	38	17	3	\N	21	\N	10	t	40.491
30	A breathable liquid foundation with up to 24H full coverage and luminous matte finish.	FEMININ	All Hours Foundation	53.99	38	29	3	\N	62	\N	\N	f	\N
288	A 2-in-1 exfoliating cleansing gel by Clinique that helps reduce blackheads and excess oil, leaving the skin clear and smooth.	FEMININ	Blackhead Solutions - Exfoliating Cleansing Gel	24	327	16	52	\N	\N	3	\N	f	\N
296	A gentle exfoliating gel by Beauty of Joseon that removes dead skin cells using natural apricot extract and plant-derived cellulose. Leaves skin smoother and more radiant without irritation.	FEMININ	Apricot Peeling Gel	12	327	27	53	\N	\N	8	\N	f	\N
246	A bold and sensual fragrance that blends lavender essence from France with Moroccan orange blossom and a daring musk accord. Libre embodies freedom and strength.	FEMININ	Libre Eau de Parfum	131	247	29	50	\N	\N	1	\N	f	\N
34	A breathable liquid foundation with up to 24H full coverage and luminous matte finish.	FEMININ	All Hours Foundation	53.99	35	29	3	\N	2	\N	\N	f	\N
26	A long-wear, full coverage foundation with a natural matte finish and breathable texture.	FEMININ	Lancôme Teint Idole Ultra Wear Foundation	44.99	32	17	3	\N	24	\N	10	t	40.491
293	A moisturizing cleansing emulsion by CeraVe designed for normal to dry skin. Gently cleanses while restoring the skin barrier with essential ceramides and hyaluronic acid.	UNISEX	Hydrating Cleanser	21	327	22	52	\N	\N	6	\N	f	\N
249	A luxurious, warm, and opulent fragrance. Tobacco Vanille blends spicy tobacco leaf and aromatic spices with creamy vanilla, cocoa, and dried fruits for a sensual, unisex signature.	UNISEX	Tobacco Vanille Eau de Parfum	249	249	30	50	\N	\N	1	10	t	224.1
295	A gentle purifying foaming gel by La Roche-Posay, formulated for oily and acne-prone skin. Effectively removes impurities and excess sebum without drying out the skin.	UNISEX	Effaclar Purifying Foaming Gel	28	324	21	52	\N	\N	9	\N	f	\N
87	A cult-classic 4-in-1 mascara that lengthens, curls, volumizes, and conditions lashes for a dramatic, lifted look.	FEMININ	Lights, Camera, Lashes Mascara	28	98	13	19	\N	72	\N	\N	f	\N
168	A hydrating matte lipstick for soft lips.	FEMININ	Kind Words Matte Lipstick	20	196	1	33	\N	19	\N	\N	f	\N
231	A bold and fresh fragrance inspired by wide-open spaces. Sauvage combines spicy notes with woody amber, creating a raw and noble scent for men.	MASCULIN	Sauvage Eau de Toilette	140	197	3	50	\N	\N	1	\N	f	\N
67	A creamy, blendable bronzer stick with a natural matte finish that adds warmth and definition to your face. Infused with cocoa powder for a delicious scent.	FEMININ	Chocolate Soleil Stick Creamy Bronzer	35	98	7	22	\N	23	\N	\N	f	\N
228	An explosion of fresh, romantic, and sophisticated floral notes. Miss Dior is a timeless fragrance that evokes modern femininity.	FEMININ	Miss Dior Eau de Parfum	150	194	3	50	\N	\N	5	\N	f	\N
16	A radiant foundation offering 24-hour hydration and medium-to-full coverage.	FEMININ	Dior Forever Skin Glow Foundation	47.99	28	3	3	\N	62	\N	10	t	43.191
289	A dual-action cleansing gel by Clinique that deeply cleanses and exfoliates, ideal for combination to oily skin. Leaves skin refreshed and smooth.	FEMININ	All About Clean 2-in-1 Exfoliating Cleansing Gel	25	321	16	52	\N	\N	3	\N	f	\N
\.


--
-- Data for Name: shades; Type: TABLE DATA; Schema: public; Owner: postgres
--

COPY public.shades (id, name, image_url) FROM stdin;
37	Peach Fuzz	\N
38	Sun Kissed	\N
39	Deep Tan	\N
1	Light Neutral	lightneutral.png
2	Deep Warm	deepwarm.png
3	Medium Neutral	mediumneutral.png
4	Fair Cool	faircool.png
5	Tan Golden	tangolden.png
6	Soft Pink	softpink.png
7	Coral Peach	coralpeach.png
8	Rosy Mauve	rosymauve.png
9	Rich Plum	richplum.png
10	Berry Red	berryred.png
11	Warm Beige	warmbeige.png
12	Neutral Beige	neutralbeige.png
13	Deep Espresso	deepepsresso.png
14	Golden Honey	goldenhoney.png
15	Cool Rose	coolrose.png
16	Terracotta	terracotta.png
17	Muted Nude	mutednude.png
18	Classic Red	classicred.png
19	Bright Pink	brightpink.png
20	Subtle Apricot	subtleapricot.png
21	Vanilla	vanilla.png
22	Toffee	toffee.png
23	Cinnamon	cinnamon.png
24	Amber	amber.png
25	Mocha	mocha.png
26	Sandalwood	sandalwood.png
27	Caramel	caramel.png
28	Chestnut	chestnut.png
29	Nutmeg	nutmeg.png
30	Latte	latte.png
31	Butter Pecan	butterpecan.png
32	Hazelnut	hazelnut.png
33	Macadamia	macadamia.png
34	Chocolate Truffle	chocolatetruffle.png
35	Cocoa	cocoa.png
36	Golden Beige	goldenbeige.png
40	Champagne Glow	champagneglow.png
41	Opal Pearl	opalpearl.png
42	Rose Gold Beam	rosegoldbeam.png
43	Moonlight Ice	moonlightice.png
44	Bronze Radiance	moonlightice.png
45	Bronze Radiance	bronzeradiance.png
46	Dusty Rose	dustyrose.png
47	Soft Apricot	softapricot.png
48	Berry Blossom	softapricot.png
49	Berry Blossom	berryblossom.png
50	Pink Dahlia	pinkdahlia.png
51	Sunset Coral	sunsetcoral.png
52	Ruby Red	rubyred.png
53	Wild Cherry	wildcherry.png
54	Vamp Plum	vampplum.png
55	Brick Rose	brickrose.png
56	Nude Whisper	nudewhisper.png
57	Cool Taupe	cooltaupe.png
58	Soft Umber	softumber.png
59	Deep Cocoa	deepcocoa.png
60	Clay	clay.png
61	Bronze Earth	bronzeearth.png 
62	Porcelain	porcelain.png
63	Ivory	ivory.png
64	Alabaster	alabaster.png
65	Warm Sand	warmsand.png
66	Olive Beige	olivebeige.png
67	Golden Olive	goldenolive.png
68	Espresso Brown	espressobrown.png
69	Mahogany	mahogany.png
70	Rich Ebony	richebony.png
71	Dior Forever Skin Glow Foundation	\N
72	Black	black.png
73	Blue	blue.png
74	Burgundy	burgundy.png
75	Brown	brown.png
76	Brunnet	brunnet.png
77	Grey	grey.png
78	Brown Cold	browncool.png
79	Nude	nude.png
80	Nude Pink	nudepink.png
81	Nude Red	nudered.png
82	Black Honey	blackhoney.png
\.


--
-- Data for Name: sizes; Type: TABLE DATA; Schema: public; Owner: postgres
--

COPY public.sizes (id, name) FROM stdin;
1	30ml
2	10ml
3	100ml
4	45ml
5	50ml
6	250ml
7	500ml
8	300ml
9	400ml
\.


--
-- Name: brands_id_seq; Type: SEQUENCE SET; Schema: public; Owner: postgres
--

SELECT pg_catalog.setval('public.brands_id_seq', 36, true);


--
-- Name: categories_id_seq; Type: SEQUENCE SET; Schema: public; Owner: postgres
--

SELECT pg_catalog.setval('public.categories_id_seq', 66, true);


--
-- Name: colors_id_seq; Type: SEQUENCE SET; Schema: public; Owner: postgres
--

SELECT pg_catalog.setval('public.colors_id_seq', 1, false);


--
-- Name: favorite_products_id_seq; Type: SEQUENCE SET; Schema: public; Owner: postgres
--

SELECT pg_catalog.setval('public.favorite_products_id_seq', 53, true);


--
-- Name: product_images_id_seq; Type: SEQUENCE SET; Schema: public; Owner: postgres
--

SELECT pg_catalog.setval('public.product_images_id_seq', 548, true);


--
-- Name: products_id_seq; Type: SEQUENCE SET; Schema: public; Owner: postgres
--

SELECT pg_catalog.setval('public.products_id_seq', 332, true);


--
-- Name: shades_id_seq; Type: SEQUENCE SET; Schema: public; Owner: postgres
--

SELECT pg_catalog.setval('public.shades_id_seq', 82, true);


--
-- Name: sizes_id_seq; Type: SEQUENCE SET; Schema: public; Owner: postgres
--

SELECT pg_catalog.setval('public.sizes_id_seq', 9, true);


--
-- Name: brands brands_pkey; Type: CONSTRAINT; Schema: public; Owner: postgres
--

ALTER TABLE ONLY public.brands
    ADD CONSTRAINT brands_pkey PRIMARY KEY (id);


--
-- Name: categories categories_pkey; Type: CONSTRAINT; Schema: public; Owner: postgres
--

ALTER TABLE ONLY public.categories
    ADD CONSTRAINT categories_pkey PRIMARY KEY (id);


--
-- Name: colors colors_pkey; Type: CONSTRAINT; Schema: public; Owner: postgres
--

ALTER TABLE ONLY public.colors
    ADD CONSTRAINT colors_pkey PRIMARY KEY (id);


--
-- Name: favorite_products favorite_products_pkey; Type: CONSTRAINT; Schema: public; Owner: postgres
--

ALTER TABLE ONLY public.favorite_products
    ADD CONSTRAINT favorite_products_pkey PRIMARY KEY (id);


--
-- Name: product_images product_images_pkey; Type: CONSTRAINT; Schema: public; Owner: postgres
--

ALTER TABLE ONLY public.product_images
    ADD CONSTRAINT product_images_pkey PRIMARY KEY (id);


--
-- Name: products products_pkey; Type: CONSTRAINT; Schema: public; Owner: postgres
--

ALTER TABLE ONLY public.products
    ADD CONSTRAINT products_pkey PRIMARY KEY (id);


--
-- Name: shades shades_pkey; Type: CONSTRAINT; Schema: public; Owner: postgres
--

ALTER TABLE ONLY public.shades
    ADD CONSTRAINT shades_pkey PRIMARY KEY (id);


--
-- Name: sizes sizes_pkey; Type: CONSTRAINT; Schema: public; Owner: postgres
--

ALTER TABLE ONLY public.sizes
    ADD CONSTRAINT sizes_pkey PRIMARY KEY (id);


--
-- Name: favorite_products ukj23e2cdy0mcr3btx3yoy0vlg2; Type: CONSTRAINT; Schema: public; Owner: postgres
--

ALTER TABLE ONLY public.favorite_products
    ADD CONSTRAINT ukj23e2cdy0mcr3btx3yoy0vlg2 UNIQUE (client_id, product_id);


--
-- Name: brands ukoce3937d2f4mpfqrycbr0l93m; Type: CONSTRAINT; Schema: public; Owner: postgres
--

ALTER TABLE ONLY public.brands
    ADD CONSTRAINT ukoce3937d2f4mpfqrycbr0l93m UNIQUE (name);


--
-- Name: favorite_products fk66gqbpuhbuxns99w8sx4ksoke; Type: FK CONSTRAINT; Schema: public; Owner: postgres
--

ALTER TABLE ONLY public.favorite_products
    ADD CONSTRAINT fk66gqbpuhbuxns99w8sx4ksoke FOREIGN KEY (product_id) REFERENCES public.products(id);


--
-- Name: products fka3a4mpsfdf4d2y6r8ra3sc8mv; Type: FK CONSTRAINT; Schema: public; Owner: postgres
--

ALTER TABLE ONLY public.products
    ADD CONSTRAINT fka3a4mpsfdf4d2y6r8ra3sc8mv FOREIGN KEY (brand_id) REFERENCES public.brands(id);


--
-- Name: products fkebociq5k3b2tkcxh3q5dg4eed; Type: FK CONSTRAINT; Schema: public; Owner: postgres
--

ALTER TABLE ONLY public.products
    ADD CONSTRAINT fkebociq5k3b2tkcxh3q5dg4eed FOREIGN KEY (color_id) REFERENCES public.colors(id);


--
-- Name: products fkjtp03phh84ohguj0rhvlk81g7; Type: FK CONSTRAINT; Schema: public; Owner: postgres
--

ALTER TABLE ONLY public.products
    ADD CONSTRAINT fkjtp03phh84ohguj0rhvlk81g7 FOREIGN KEY (size_id) REFERENCES public.sizes(id);


--
-- Name: products fklypvwokh5bomg9f4q1fssxbet; Type: FK CONSTRAINT; Schema: public; Owner: postgres
--

ALTER TABLE ONLY public.products
    ADD CONSTRAINT fklypvwokh5bomg9f4q1fssxbet FOREIGN KEY (shade_id) REFERENCES public.shades(id);


--
-- Name: products fkog2rp4qthbtt2lfyhfo32lsw9; Type: FK CONSTRAINT; Schema: public; Owner: postgres
--

ALTER TABLE ONLY public.products
    ADD CONSTRAINT fkog2rp4qthbtt2lfyhfo32lsw9 FOREIGN KEY (category_id) REFERENCES public.categories(id);


--
-- Name: product_images fkqnq71xsohugpqwf3c9gxmsuy; Type: FK CONSTRAINT; Schema: public; Owner: postgres
--

ALTER TABLE ONLY public.product_images
    ADD CONSTRAINT fkqnq71xsohugpqwf3c9gxmsuy FOREIGN KEY (product_id) REFERENCES public.products(id);


--
-- Name: categories fksaok720gsu4u2wrgbk10b5n8d; Type: FK CONSTRAINT; Schema: public; Owner: postgres
--

ALTER TABLE ONLY public.categories
    ADD CONSTRAINT fksaok720gsu4u2wrgbk10b5n8d FOREIGN KEY (parent_id) REFERENCES public.categories(id);


--
-- PostgreSQL database dump complete
--

